d2076552db050d2362e78f9553917b37a3da8717 2011-12-31 lightningismyname@gmail.com lightningismyname@gmail.com
f17b3e9cd784798d3ffe49837ed42343d551be1f 2011-12-31 lightningismyname@gmail.com lightningismyname@gmail.com
d78b38022db8f5fc5a478339d18c11e2b8f14f3f 2011-12-31 lightningismyname@gmail.com lightningismyname@gmail.com
36549229eadf9e0075d1100e1d414299369ea21c 2011-12-30 mateju@svn.gnome.org miles@filmsi.net
b9b4459dc011d72cd30ffec89e89171c66db3722 2011-12-29 mariobl@gnome.org mariobl@gnome.org
c2049634a011e9731ddf4346065b9b9fc48fad9b 2011-12-29 mariobl@gnome.org mariobl@gnome.org
bc8c15a80a8ca6bac1c6de42c53b460670dd323c 2011-12-29 mariobl@gnome.org mariobl@gnome.org
60a9a6443a2a74912f412b0177869937e79d245a 2011-12-29 mariobl@gnome.org mariobl@gnome.org
7c72fec5e2f534b71fd078176bf4c2745e9ad730 2011-12-29 aasmunds@ulrik.uio.no kolbjoern@stuestoel.no
d06707a31bd8742b85c7bc953f504ab6fb197a72 2011-12-29 aasmunds@ulrik.uio.no kolbjoern@stuestoel.no
5b1bc245afdab44d543a1617bcea1828731be425 2011-12-29 piotrdrag@gmail.com piotrdrag@gmail.com
b935db6b573052655b412399681fe6b12d217a9f 2011-12-29 nils@redhat.com nils@redhat.com
ba720461a6ad24588abb9a15ce91a47c52e45f33 2011-12-29 nils@redhat.com nils@redhat.com
fcbe7aaa876d9318a75b21150102837b0aa4583f 2011-12-29 marek@manet.cz marek@manet.cz
c64ec3b27b009f4fce025d1bfa2fb5da47c048bd 2011-12-28 piotrdrag@gmail.com piotrdrag@gmail.com
5b67215c8a1d8c5a99584733890fe3434baf7b2a 2011-12-29 jmatsuzawa@src.gnome.org ml.nishibori.kiyotaka@gmail.com
39f3f6fab158125727b009266965f609e3320b5d 2011-12-28 piotrdrag@gmail.com piotrdrag@gmail.com
c0ecb2e9e2b31651c1b5c2909b75242d5ac18ad6 2011-12-27 jmatsuzawa@src.gnome.org ml.nishibori.kiyotaka@gmail.com
2e206a3fba679281749642ebfb04b16ec249daf9 2011-12-27 pclouds@gmail.com pclouds@gmail.com
5413be7872cc4433019c1a3bd002e5755c43b3b7 2011-12-27 pclouds@gmail.com pclouds@gmail.com
07092ce45d9d4dd34049194f84800336549d4977 2011-12-27 pclouds@gmail.com pclouds@gmail.com
70dc8978c9c38a6a387b1019797b7493af8e70ba 2011-12-26 marek@manet.cz marek@manet.cz
96e011fff791dc69f51133ea587fad25c6db75aa 2011-12-26 marek@manet.cz marek@manet.cz
61f3a0d338d1f3fe2993eaade82bdfec03f6e30d 2011-12-26 marek@manet.cz marek@manet.cz
7da28f7f61a366ab973ba3a2caa01a01de857fe9 2011-12-26 marek@manet.cz marek@manet.cz
f686bbc7a40ee84d9f339275a3f6f9f18b393589 2011-12-26 muhammet.k@gmail.com muhammet.k@gmail.com
e80d666656ab96b8413ddf4ffa59158e928d5d18 2011-12-26 muhammet.k@gmail.com mma-95@hotmail.com
1b43c8d55d5efbe863eb45aedb86680ade50b345 2011-12-26 muhammet.k@gmail.com mma-95@hotmail.com
ee018e79aa7c7e8b8c8e4aa620c941b63dff6917 2011-12-26 muhammet.k@gmail.com muhammet.k@gmail.com
09eefb2805f15bec1fce28efa1e24da00c530dce 2011-12-26 muhammet.k@gmail.com mma-95@hotmail.com
363d63341ba0d4f7bb762c3afa32ea6c55d37c0b 2011-12-25 mateju@svn.gnome.org miles@filmsi.net
e2ede159699d69bbd84caba31477d4676ea2c343 2011-12-24 gforcada@gnome.org carles.ferrando@gmail.com
162d22d851c90a9267e0bb72bae9dfe56fefa378 2011-12-24 gforcada@gnome.org noguer@gmail.com
c34bcf0affb482f860f90b305f85fd0d2d028119 2011-12-24 gforcada@gnome.org carles.ferrando@gmail.com
063cd9e20fc7316f28a1655c9b4292499ec607fa 2011-12-24 gforcada@gnome.org noguer@gmail.com
2ec6845d7c13bcb97398d8a7e351b60928551633 2011-12-24 gforcada@gnome.org carles.ferrando@gmail.com
0e21388c30127191a4328bb9a5350fdff48d54f8 2011-12-24 gforcada@gnome.org eulaliapages@gmail.com
3a29544b4e9e0f01aaf8d799c473c0bdcc554d08 2011-12-24 gforcada@gnome.org carles.ferrando@gmail.com
254135104b2658bfb5bd4d35bfd13f11d8f7027f 2011-12-24 gforcada@gnome.org eulaliapages@gmail.com
691d831fe8717ff1a37bb4448bc0fe000c1d8dab 2011-12-24 gforcada@gnome.org carles.ferrando@gmail.com
eb507f00ed88ffba9306abd3290b0d4638e71bac 2011-12-24 gforcada@gnome.org lakonfrariadelavila@gmail.com
2d92f8fab6f1653c34891e59b5e94d8a1c329493 2011-12-23 mateju@svn.gnome.org miles@filmsi.net
39a1c4340de4be9910a25f63f574c6c0ed1f92b5 2011-12-23 ihar.hrachyshka@gmail.com 375gnu@gmail.com
e046056059817884c3baa9043c8c568233621e0f 2011-12-23 muks@banu.com muks@banu.com
f8ea776649545db6b56ca288e937878ea3b6dc59 2011-12-23 ciampix@libero.it ciampix@libero.it
511a00903198731380c9e8fde955b8043e03f644 2011-12-23 jmatsuzawa@src.gnome.org ml.nishibori.kiyotaka@gmail.com
6f284b9de3f944fa3c199443a8f5b2d4646f684f 2011-12-22 bruce@bcowan.me.uk bruce@bcowan.me.uk
15d0b4fa379f6b7060ab4adfd1fe8b56f7a4261a 2011-12-22 kcozens@svn.gnome.org kcozens@svn.gnome.org
f1d31f244bad583a4c78bd5edcb2eb713b18c8e9 2011-12-22 jmatsuzawa@src.gnome.org jmatsuzawa@src.gnome.org
997991ad2bd5eda3029d24c0319b3f121f7ed6c7 2011-12-21 khaledhosny@eglug.org khaledhosny@eglug.org
11457675eb978eac1db34f848e73343df6c51a4f 2011-12-19 jmatsuzawa@src.gnome.org ml.nishibori.kiyotaka@gmail.com
48d15bc2ff3d52ef147a2738063c5fbe7a6d8cf2 2011-12-19 jmatsuzawa@src.gnome.org ml.nishibori.kiyotaka@gmail.com
867c9c28e7514121703b5087040f5c42e13d3b1b 2011-12-19 jmatsuzawa@src.gnome.org ml.nishibori.kiyotaka@gmail.com
0a38cd39a2699af325ccd3f67ea6ce5137e7ec3b 2011-12-19 jmatsuzawa@src.gnome.org ml.nishibori.kiyotaka@gmail.com
900fc19e7856cf62b9625fce15b5743635242d2d 2011-12-19 jmatsuzawa@src.gnome.org ml.nishibori.kiyotaka@gmail.com
e47e67c2f0efc4304654a654d878aac003b6a7e2 2011-12-19 jmatsuzawa@src.gnome.org ml.nishibori.kiyotaka@gmail.com
c15c3f4828527d9836de0ba168b4bfe00669cc21 2011-12-18 victormatheus@gmail.com victormatheus@gmail.com
54f46cea00f10adaf3fb3a3cd464181859495e2f 2011-12-18 mitch@gimp.org mitch@gimp.org
d43b127484a70441561cbe7a4f8166ffe516362a 2011-12-18 mitch@gimp.org mitch@gimp.org
361b66c396a731de2f50c34f756f658503d2bca1 2011-12-18 pecisk@gmail.com rudolfs.mazurs@gmail.com
3ecc27db8d64dd8934c42873b0fd37d655d0fc3d 2011-12-17 ihar.hrachyshka@gmail.com 375gnu@gmail.com
3687d980da832bbd1c4d0344cf2c3a4a9cb3db16 2011-12-17 pecisk@gmail.com rudolfs.mazurs@gmail.com
056e09a6cb437829cf4f20e97116989ddb2529f3 2011-12-16 mitch@gimp.org mitch@gimp.org
42a5f8f83407659ee9dd356a5f7b078e4670156a 2011-12-16 mitch@gimp.org mitch@gimp.org
fde82c64b8f5dc239f6d4bdd968792baf722aa44 2011-12-15 mitch@gimp.org mitch@gimp.org
51a8e668248c08e50158d7713926e45e8644b5a2 2011-12-15 mitch@gimp.org mitch@gimp.org
cf3a06bf27b8731b6243364d2a901dea5d0a163b 2011-12-13 uid0@akl.lt uid0@akl.lt
cdc8f86310b1942cb4d5ba4f139d2307c2162516 2011-12-13 uid0@akl.lt uid0@akl.lt
6b8b6b9b872abd8681533e6a472b9265c7d67c39 2011-12-13 Christian.Kirbach@googlemail.com Christian.Kirbach@googlemail.com
1808e4cbc3a62a205ff9497286a99d394398cc5b 2011-12-12 muks@banu.com muks@banu.com
49057bcbad52f23ee37396662eaf38964d476875 2011-12-11 piotrdrag@gmail.com piotrdrag@gmail.com
d7c83ff89fb5d97ee3942858d2a1ff6f6755cf7c 2011-12-11 piotrdrag@gmail.com piotrdrag@gmail.com
2271f6fe9673301d01d16d5bd8ac00c98ef476a3 2011-12-11 mitch@gimp.org mitch@gimp.org
443a1dc69ffaf66136e8c046b1f16b2ed5b943f4 2011-12-11 piotrdrag@gmail.com piotrdrag@gmail.com
d7801b7b65b93b4c3e7816490582c71220a784b4 2011-12-12 muks@banu.com nils@redhat.com
ddddde80846e785122a5b6d032907546629391b5 2011-12-12 muks@banu.com nils@redhat.com
df52d7a325cc46f847916bda2f2777b1973bd1a2 2011-12-12 muks@banu.com nils@redhat.com
4ed2e957dd933aea29360fd8db906e2cc954ff2d 2011-12-12 muks@banu.com nils@redhat.com
09a6c7cf675e5236ec6ca2c1eb171c0bcc7578a0 2011-12-12 muks@banu.com nils@redhat.com
92ad8e06343659c25a66a6a7beece3c6089a246b 2011-12-12 muks@banu.com nils@redhat.com
d6089f5061c461ab874b629c4d0b1ef0878466ff 2011-12-12 muks@banu.com nils@redhat.com
e091944b7b3572b6560b08af1c37bf0fd232a983 2011-12-12 muks@banu.com nils@redhat.com
fdcd625bc939e50e0491e4c8e0f8d96aa1c5ebed 2011-12-12 muks@banu.com nils@redhat.com
911c150b49abf1d6469ef12f20df7c81e687e506 2011-12-12 muks@banu.com nils@redhat.com
d4e937fafc68c9b26762976037710ca1ed9f7a11 2011-12-12 muks@banu.com nils@redhat.com
a53e1f5018e7c3c3991e04de2c9883a4c7e30ba4 2011-12-12 muks@banu.com nils@redhat.com
be414f232199500d49c13cc229fe7a71e2abb468 2011-12-11 mikachu@src.gnome.org mikachu@src.gnome.org
bea8b939594aac6918786a58698bd3f21b193219 2011-12-11 mvalentini@src.gnome.org mvalentini@src.gnome.org
5046f167fdd823a64fffb8bd8bc3a48eeaa6dd74 2011-12-11 mitch@gimp.org mitch@gimp.org
121776a9a967faf29249f12ed394928ba0f1fd30 2011-12-11 mitch@gimp.org mitch@gimp.org
a25bfabc43f8546542cdbfe3f7fc57e598c9c478 2011-12-11 mitch@gimp.org mitch@gimp.org
94c322ff70c2c8b1dd41865dd2f1f6afc1b3db28 2011-12-11 mitch@gimp.org mitch@gimp.org
12a8eec4442fe30cf9aa4c0359c6b0828c03f27e 2011-12-11 mitch@gimp.org mitch@gimp.org
8569c6e2f7ebe2204bc01b682397f2cd125393d9 2011-12-10 mitch@gimp.org mitch@gimp.org
3f4754d124bc001732a656dd88af770c0cd997e5 2011-12-10 mitch@gimp.org mitch@gimp.org
57dd302ee820811566537dab28d0f7e22c7a9106 2011-12-10 mitch@gimp.org mitch@gimp.org
180cb656ae8107d448452baad30ea7d938e722f9 2011-12-10 mitch@gimp.org mitch@gimp.org
022af2610e7636e24c61da20915aca60072d24b9 2011-12-09 mitch@gimp.org mitch@gimp.org
7da455214d60ecbd6672a14b402e938042a24508 2011-12-09 mitch@gimp.org mitch@gimp.org
5ec2bd7287c0551c030a348b8b75e8545f5c06da 2011-12-09 alexiadeath@gmail.com alexiadeath@gmail.com
435b5b4386f567ec6c8755ff924d028075d40dfa 2011-12-09 mitch@gimp.org mitch@gimp.org
ea49a7b466ec32fcad3b366a5bc63365e1744260 2011-12-09 mitch@gimp.org mitch@gimp.org
01f92a3b486bbc2b8aac1771e613e07cb36d7f43 2011-12-09 mitch@gimp.org mitch@gimp.org
b06bc636307d90f621712c0d8b0db4f5604c72a8 2011-12-09 kcozens@svn.gnome.org kcozens@svn.gnome.org
fc1e451a072737e60ce259b726276c382ced956f 2011-12-09 claude@2xlibre.net claude@2xlibre.net
d1e2df4843d1ad035f1d99d2a82fb5a76a2652f8 2011-12-09 denisarnuad@yahoo.fr alan.monfort@free.fr
77f30d8e50501178769e1f589e6aa6db2f85da33 2011-12-08 mateju@svn.gnome.org miles@filmsi.net
9318e2434fcca632565c129dfb0d143d1eb722a8 2011-12-07 ciampix@libero.it ciampix@libero.it
e16de744a556848b2264f743826db4113367fd1d 2011-12-07 mitch@gimp.org mitch@gimp.org
b4ae9ff73adb018adb45ce1565afbecb2b132015 2011-12-07 mateju@svn.gnome.org miles@filmsi.net
48f68b86b84c37d2b8fb638f99b6ba34defb49e7 2011-12-07 mateju@svn.gnome.org miles@filmsi.net
0068b287986eb26ada950b62f5222cb24f36c3aa 2011-12-07 mateju@svn.gnome.org miles@filmsi.net
643d627d787fe27a20c4f15815266c7620a881e2 2011-12-07 mateju@svn.gnome.org miles@filmsi.net
8d68ef15e93448f2ec02f3bae734ec4f9ab376d9 2011-12-07 muks@banu.com muks@banu.com
7f0e71dbf2debb27b71d1f54106411382420f8e4 2011-12-07 muks@banu.com karthikdevel@gmail.com
e3f939f9a12d7a76f19a8570dfaf998c6e0487fc 2011-12-07 ted.korostiled@gmail.com ted.korostiled@gmail.com
76852a5b7f68b4bb374dd1823d2a1e895ddee05c 2011-12-07 ted.korostiled@gmail.com ted.korostiled@gmail.com
94ef0702079e4920038326300c6cfbe577af33f0 2011-12-07 ted.korostiled@gmail.com ted.korostiled@gmail.com
714fc4aa98fe8ea0e37441849c2a9c9ddf441cc1 2011-12-07 ted.korostiled@gmail.com ted.korostiled@gmail.com
567ccd93a0ceb229b2882bad21566493360e2952 2011-12-07 ted.korostiled@gmail.com ted.korostiled@gmail.com
421f2a96c7950281175c21434e3781f707bfe4c5 2011-12-07 ted.korostiled@gmail.com ted.korostiled@gmail.com
921922e95d84fafde86954ed6ef2b079ece2c4b1 2011-12-07 muks@banu.com muks@banu.com
20f34d3e111b3dcb7c3630d188090abc50764eae 2011-12-07 muks@banu.com muks@banu.com
4300612962717a168e3b3cfdf30327ca68976e01 2011-12-06 mitch@gimp.org mitch@gimp.org
1b5a0f9d9d8c5ba29523e8446e43e040d239b4ca 2011-12-07 muks@banu.com muks@banu.com
7aa91bdae38311815e0f0a8ee7f45ef615e53dc3 2011-12-06 daniel.mustieles@gmail.com daniel.mustieles@gmail.com
07939818efa889290bbbfa72fedf7e421d2b8b96 2011-12-06 piotrdrag@gmail.com piotrdrag@gmail.com
2d4eda444d74f58f68c45ca12be7e83eb240bf80 2011-12-07 muks@banu.com muks@banu.com
791c0a7da8d43a6bc0e103f25a82497ef50deb53 2011-12-07 muks@banu.com muks@banu.com
64a4e4ef6f197956f0381f6a7042ae355c5b6df6 2011-12-06 piotrdrag@gmail.com piotrdrag@gmail.com
2abbbb403485d6433b7ad649da971eea43fc5104 2011-12-06 muks@banu.com muks@banu.com
945176268450409af9323a996fb49217887d6925 2011-12-06 muks@banu.com muks@banu.com
798b4d18cff704729d5a45e1a80b26bea2d84685 2011-12-06 muks@banu.com muks@banu.com
1d15105c3f825a8ddb34873c7247e0ad871169f9 2011-12-06 ciampix@libero.it ciampix@libero.it
5c67d250ca414b6ca030c39b5952a0880e8493da 2011-12-06 muks@banu.com muks@banu.com
04285710106abbff52e7d426f052c9f10f57eaac 2011-12-06 muks@banu.com muks@banu.com
50630241de20797c20fa84fa2f6dd0fab69be474 2011-12-06 muks@banu.com muks@banu.com
29250f501c37880d3c39efd81b5cf0315fdf3665 2011-12-06 mitch@gimp.org mitch@gimp.org
b90de98c11e8960e9b6936f5f483ca8955106a87 2011-12-06 muks@banu.com muks@banu.com
11ba7411b4a76a676c4780664fb30be6588ea94e 2011-12-06 muks@banu.com muks@banu.com
e78ea68f69402a956993007d90afde692d8e607b 2011-12-06 muks@banu.com muks@banu.com
e410fe09e78451574c06f562902ccd3e92990216 2011-12-06 muks@banu.com muks@banu.com
deea484a7053cec5780ee6cfbc1478166f574d67 2011-12-06 muks@banu.com muks@banu.com
7af0494495375f96941e1737a8f0a4f9521fcf0f 2011-12-06 muks@banu.com muks@banu.com
2452183de11aa1edc9a932bf04aa1b8aca407abf 2011-12-06 muks@banu.com muks@banu.com
cbb5389bf2d50809699f3cbb3a10e8595bae4c28 2011-12-06 alexandre.prokoudine@gmail.com alexandre.prokoudine@gmail.com
e2bbf8398b564805bb1a93cf7ec853b90a440dec 2011-12-06 ihar.hrachyshka@gmail.com 375gnu@gmail.com
d8649efea09888a6e8b31444d80ca66aaf2c7559 2011-12-05 ciampix@libero.it ciampix@libero.it
3227744f5c8a8be1dd4a6f1fba28766e4d56d045 2011-12-05 alexandre.prokoudine@gmail.com alexandre.prokoudine@gmail.com
a22507363c44defb145c9ee100b84dff46247110 2011-12-05 alexandre.prokoudine@gmail.com alexandre.prokoudine@gmail.com
889a1ece60fc847cd35e58d7c87f60b42e592250 2011-12-04 alexiadeath@gmail.com alexiadeath@gmail.com
f173a673cdab142f8d38bf908fb0c6a7023b1d2d 2011-12-04 piotrdrag@gmail.com piotrdrag@gmail.com
090852538bfc58b366b729eefeceba89dfa4940d 2011-12-04 alexiadeath@gmail.com alexiadeath@gmail.com
105e9a7c045ff16ddc6335a5fb8ada2981ca59c5 2011-12-04 mateju@svn.gnome.org miles@filmsi.net
8d86875b122f1b974a45bd879b3ac5aa11c27dc9 2011-12-04 mateju@svn.gnome.org miles@filmsi.net
a4df6e5ea22be4f5a0ebd948a97f74d7aa827b7f 2011-12-04 mateju@svn.gnome.org miles@filmsi.net
15bf47c578283df70e60147748ec74744401f5f9 2011-12-04 mateju@svn.gnome.org miles@filmsi.net
a2be001d5ef9e8c167e001f737048bd6b97e00f1 2011-12-04 mateju@svn.gnome.org miles@filmsi.net
87c01e4a0a29731896a71f7889f78855290fad6c 2011-12-04 alexandre.prokoudine@gmail.com alexandre.prokoudine@gmail.com
06d5b9e9df02f5a26e7a039999e4e8868bfceefd 2011-12-04 mitch@gimp.org mitch@gimp.org
aa9806c6871d2a5de1b5a670e7d074e6be38d6be 2011-12-04 alexiadeath@gmail.com alexiadeath@gmail.com
b6767ba0a6f84331589897d4df7bcb0aa23cf50f 2011-12-04 khaledhosny@eglug.org khaledhosny@eglug.org
1d3ae408b678ab41e96d567a8c57eec2f74fe96e 2011-12-04 muks@banu.com muks@banu.com
b9e7198f89098a03f0b1262d34eb684769cace99 2011-12-04 alexandre.prokoudine@gmail.com alexandre.prokoudine@gmail.com
4b897a894c06e23e9e65bbec7215f0ef00f77b3e 2011-12-04 alexandre.prokoudine@gmail.com alexandre.prokoudine@gmail.com
dcf84f391089a626ddd45da931ad5194a58c0358 2011-12-03 mitch@gimp.org mitch@gimp.org
26b6c9dadd2446b539ab6bcc2b55ae7f4d8dcf95 2011-12-03 mitch@gimp.org mitch@gimp.org
408595d9d56fd29a0d0e20e55f12a58e195b09a9 2011-12-03 mitch@gimp.org mitch@gimp.org
cb61dea8fe28e5b23a382db1a39e67938aafba44 2011-12-03 mitch@gimp.org mitch@gimp.org
022db7b6392f51dc8eb4d9d8aafd4a47cb5167f5 2011-12-04 alexandre.prokoudine@gmail.com alexandre.prokoudine@gmail.com
2a55c1cc5233db888c5afd8ced36ded38feee493 2011-12-04 alexandre.prokoudine@gmail.com alexandre.prokoudine@gmail.com
4d35037805f24b2bedc0e3f10abd57d377bb6b70 2011-12-04 alexandre.prokoudine@gmail.com alexandre.prokoudine@gmail.com
ed1ed0e6bc9bfa72ee255b9820fc960f71b2abc9 2011-12-01 mitch@gimp.org mitch@gimp.org
70376b752833e4c7853af412e9cc2f92831a7ec1 2011-12-01 mitch@gimp.org mitch@gimp.org
af0570372d8a542b79a0608325c7e9dffda821fe 2011-12-01 mitch@gimp.org mitch@gimp.org
a174f5d44ab076aed99958c3ff901ae00dd8a406 2011-12-01 muks@banu.com muks@banu.com
1d9ca9cdca707b254744f9ca51327fe54945ac6d 2011-12-01 mitch@gimp.org mitch@gimp.org
2b1b04bf72295fb338e6ebafdcc4a739a34006ed 2011-12-01 mitch@gimp.org mitch@gimp.org
79a4f71884e49f03ebd6c0e06b6e964fb597717b 2011-12-01 mitch@gimp.org mitch@gimp.org
2afc3419e5515bd19f699a154e6a6755d85c35b6 2011-12-01 simon@budig.de simon@budig.de
