e5112fa5404c985918915073b8474c6143e68b10 2012-12-30 mitch@gimp.org mitch@gimp.org
d17622dce6228bebd646ed1eb3063fc952905cfd 2012-12-30 kcozens@svn.gnome.org kcozens@svn.gnome.org
3526400911b7ba5b69e960b973d25a30ea1c47ce 2012-12-28 khaledhosny@eglug.org khaledhosny@eglug.org
dcce7aba4425d59762bd376fea901ad251e2a35e 2012-12-27 rafael.f.f1@gmail.com rafael.f.f1@gmail.com
29ca295089abc64233218de0e8127f6d6c630816 2012-12-27 rafael.f.f1@gmail.com rafael.f.f1@gmail.com
9edfefc2bdf0e7a02abaed8ed2714f750458792b 2012-12-27 piotrdrag@gmail.com piotrdrag@gmail.com
2226e10b5e4f7b2479fa07833fe318bf51aae326 2012-12-27 piotrdrag@gmail.com piotrdrag@gmail.com
1f307e1f2ad43556c87a36b0c738840794cae14f 2012-12-27 plaes@plaes.org mahfiaz@gmail.com
c12d33970e7f6dd8e3c9c8d151cc5e5952794ced 2012-12-27 plaes@plaes.org mahfiaz@gmail.com
acebb4ad205901a9e8029a66ed5bca62cf13bc96 2012-12-21 gwidion@gmail.com gwidion@gmail.com
5b4f58b08a31d067ed0730c15e6f5c9a675ba381 2012-12-21 gwidion@gmail.com gwidion@gmail.com
6099585ad2c9a8545595df8cfaac7489c6d06cc2 2012-12-19 plaes@plaes.org mahfiaz gmail com
daf33210a8306e7b3904d1b15e43fa8822828d25 2012-12-19 plaes@plaes.org mahfiaz@gmail.com
58a542a59cef61084d586048d8173f3ed2492447 2012-12-19 plaes@plaes.org mahfiaz@gmail.com
68de31bd641814e53dfa90dd6325bb141234cb9e 2012-12-19 mitch@gimp.org mitch@gimp.org
4b6458b83eb793da070d481a991fc451de2ec8bc 2012-12-19 mitch@gimp.org mitch@gimp.org
766999ce3f62bbd17bd2de08e20976e30bd560a4 2012-12-18 mitch@gimp.org mitch@gimp.org
d90069f029cd93e867125ee261a2e6c639e35226 2012-12-16 daniel.mustieles@gmail.com daniel.mustieles@gmail.com
2ad8373c42553119236f8f963a90fc75a5a407e6 2012-12-15 mitch@gimp.org mitch@gimp.org
1934b65fcb1d490a39654f502ae157e304fd3627 2012-12-15 mitch@gimp.org mitch@gimp.org
12a9f01139985e8fc7a318c5efcc5691eb5a0f03 2012-12-15 mitch@gimp.org mitch@gimp.org
af7916b3e6ba745caabeb548f69be07e688e8a23 2012-12-15 mitch@gimp.org mitch@gimp.org
cc20c8d7f6c95921fa8bfb20abc523bfe64df7b7 2012-12-14 kcozens@svn.gnome.org kcozens@svn.gnome.org
df30fd6e682bc0453806d934a8559c9ba1cc12bd 2012-12-14 kcozens@svn.gnome.org kcozens@svn.gnome.org
82f2c0b1ce84fccc542983d39817ef9c61ab66a8 2012-12-14 kcozens@svn.gnome.org kcozens@svn.gnome.org
205c64d1b8ee9482a5c4eee9ff71c3ab53831805 2012-12-14 mitch@gimp.org mitch@gimp.org
593ddb741f1479fddf25d708ae8d4411b9408f28 2012-12-14 mitch@gimp.org mitch@gimp.org
5818b9eac1432268ffa200113e66a3721cb1e41e 2012-12-14 mitch@gimp.org mitch@gimp.org
b47107123a2d043169bf7df35016f52294489507 2012-12-14 mitch@gimp.org mitch@gimp.org
24ff958580bb286001b0e94605a1bc0a116e8478 2012-12-14 mitch@gimp.org iborco@gmail.com
b234f5f879f1aeec704904f0c85562290b283b46 2012-12-14 mitch@gimp.org mitch@gimp.org
99ed568543803346042ccd1c3ce71c691ed39376 2012-12-14 mitch@gimp.org mitch@gimp.org
9b6703371e40cd230458751c97f053e46896cbf1 2012-12-13 mitch@gimp.org mitch@gimp.org
0ff07fa385f401a7f9758d724a06304840f2f8c0 2012-12-12 mitch@gimp.org mitch@gimp.org
59f67e05039325e9e4ec2e043561ff4450a28fb5 2012-12-12 mitch@gimp.org mitch@gimp.org
efe01acb5d42c793a73cc6b3fd58fbf0ef2cac3d 2012-12-12 mitch@gimp.org mitch@gimp.org
78b2778357fadd9dcfff5962cc79204b5c8bf0ef 2012-12-12 jehan@girinstud.io jehan@girinstud.io
8a935f05a07a89279538f638d5d43f165d34a6e6 2012-12-12 jehan@girinstud.io jehan@girinstud.io
2ad8634c06814219728bb10fbe59a63afc42fdea 2012-12-12 jehan@girinstud.io jehan@girinstud.io
28669b07d193515ee5fc4bc35b154909a9d35169 2012-12-12 jehan@girinstud.io jehan@girinstud.io
a2772a721fcceffdf99cc631c874ecdf2f75ee8a 2012-12-12 jehan@girinstud.io jehan@girinstud.io
20c86f821df507e2067b892abd9cdd63950ebbed 2012-12-12 jehan@girinstud.io jehan@girinstud.io
56290705381d079b04085931cc60d7c82bd8ecd5 2012-12-12 mitch@gimp.org mitch@gimp.org
85fcef0c5ca56e5a68e0f3b8f9a3f6a67263e2af 2012-12-10 ciampix@libero.it ciampix@libero.it
6db512f91ab887a1043c76855929a461b02a367f 2012-12-10 ciampix@libero.it ciampix@libero.it
772c71721605be443e02aa7c242aa9fac0566302 2012-12-10 ciampix@libero.it ciampix@libero.it
b348678890a8ee3227ee9868303afc398344187f 2012-12-09 mitch@gimp.org mitch@gimp.org
4b85c9e2d832fa1e72182051352e678796c70fa4 2012-12-09 kmaraas@gnome.org kmaraas@gnome.org
24de02e3bdbd0946c7e429c33f1c95c257bb2062 2012-12-09 kmaraas@gnome.org kmaraas@gnome.org
0cfdf38726f6365513248737a9868b4281d04d9c 2012-12-08 mitch@gimp.org mitch@gimp.org
084ba8f84f0f769c21dcbb139761fe988553b977 2012-12-08 mitch@gimp.org mitch@gimp.org
4c7dc6a49471d185349ff18a1a52f9df6598f345 2012-12-08 mitch@gimp.org DanielSabo@gmail.com
31314584af70d4e3b410fe1e3251d8bf7ebf2e7d 2012-12-08 daniel.mustieles@gmail.com daniel.mustieles@gmail.com
d1004f303924a591151f3ded3b7ebd0054ced4ce 2012-12-08 lightningismyname@gmail.com lightningismyname@gmail.com
c627062d5db742d6717a235df0a0dfaa2a114183 2012-12-08 lightningismyname@gmail.com lightningismyname@gmail.com
b938279adfc49b258fda25cb9eaaeb79591ef41c 2012-12-08 lightningismyname@gmail.com lightningismyname@gmail.com
ad215a08a6e7ffae28940997e66963f1a69dd8e0 2012-12-08 lightningismyname@gmail.com lightningismyname@gmail.com
77484db192902b3e6f396583d0d7450f3bb7548b 2012-12-08 lightningismyname@gmail.com lightningismyname@gmail.com
a4069c2d6296b1068e2b5d2674920c8238f375da 2012-12-08 lightningismyname@gmail.com lightningismyname@gmail.com
b8012bd508564e3d579ea74969f909e85ddfd8c1 2012-12-08 lightningismyname@gmail.com lightningismyname@gmail.com
44993e6dfa21d863266b03b1ac0b57cc79bf17c5 2012-12-08 lightningismyname@gmail.com lightningismyname@gmail.com
e03c5eec72d1b8be97357d8e5eea2b7a7bb927f9 2012-12-08 lightningismyname@gmail.com lightningismyname@gmail.com
3571bbad9fd6a791e79efa4651859f99707e6bcd 2012-12-08 lightningismyname@gmail.com lightningismyname@gmail.com
2fe0338450b6126f33379c285188eb363668f2e5 2012-12-08 lightningismyname@gmail.com lightningismyname@gmail.com
dfa75aeb16df872e0c85ef4eff9f56ee14aae135 2012-12-08 lightningismyname@gmail.com lightningismyname@gmail.com
5ee947204e60551a57c1ea8542b0d0b4274916a5 2012-12-08 lightningismyname@gmail.com lightningismyname@gmail.com
54618228e3ebfd8a117789a04f38d6a4cd198916 2012-12-06 mitch@gimp.org mitch@gimp.org
e5cee5c56f190f755d0c0fa18636c8abd9a0ebc8 2012-12-06 mitch@gimp.org liam@w3.org
a268b7e03fac734f1285026fb33244809d8b2881 2012-12-06 mitch@gimp.org liam@w3.org
6f878c516ef07201c089113278de8a55ef647ab0 2012-12-05 daniel.mustieles@gmail.com daniel.mustieles@gmail.com
baf856e79d45a239dfdc7b63633e4d71563fb0c5 2012-12-05 muks@banu.com muks@banu.com
6d09237ca15bc2b5ccf8100622769e9114bcc7ab 2012-12-05 muks@banu.com muks@banu.com
b1dbfd2567bb18cf84ba11ab4feede604225e442 2012-12-05 muks@banu.com muks@banu.com
914f04dcac956e33229aa7a09421329cfc66d527 2012-12-05 muks@banu.com muks@banu.com
9b2e301c878dd58c5e72aadc703bc9ad86ca1676 2012-12-04 sven@gimp.org sven@gimp.org
c8209ddb4c546ff5ed6cadabb6b5430d8a912098 2012-12-04 sven@gimp.org sven@gimp.org
b717e155d90d6c19f7f3acb2186f660819adb564 2012-12-05 muks@banu.com muks@banu.com
050fcb4b37ca8b5bd6abcf7d63d74e3d907a1436 2012-12-05 muks@banu.com muks@banu.com
3477fc0bddd9b5697ac16493a8c5f9b7fb46556f 2012-12-04 muks@banu.com muks@banu.com
0d35348718e787a21864e67719826a90587cd39a 2012-12-04 muks@banu.com muks@banu.com
2e54d88ef284bb99a0f0876b7a0554c75d66fa01 2012-12-03 mitch@gimp.org mitch@gimp.org
2372ed5e47368aa6ad1ee131cef7bab9562e814d 2012-12-03 ciampix@libero.it ciampix@libero.it
c9888f2222e6a7fd09a6018810ed6555b6297752 2012-12-04 jehan@girinstud.io jehan@girinstud.io
d9280b88f26a1724a86ed31b5d22498fb9b81abb 2012-12-03 mitch@gimp.org mitch@gimp.org
5d668971d78c763662ac1f47fc317e2a81b2cf47 2012-12-01 jehan@girinstud.io jehan@girinstud.io
