b58e18944aa0a55f5a17a4f1f4dbe7c987f16088 2013-07-31 mitch@gimp.org mitch@gimp.org
47cb117fa882e77360c47cd99ae4c4298e154498 2013-07-30 drawoc@darkrefraction.com drawoc@darkrefraction.com
fc6c605cd5530755b42605879983e5a6ef4c7764 2013-07-30 teo.mazars@ensimag.fr teo.mazars@ensimag.fr
7a01ecf3cd6b97e77d63616c09ae926ca862401d 2013-07-29 drawoc@darkrefraction.com drawoc@darkrefraction.com
0311bb4188eabeebb6063297ccc3ae257e7916dc 2013-07-29 drawoc@darkrefraction.com drawoc@darkrefraction.com
f464695a1b2f777a7208a7ed61a44b6415fa0db8 2013-07-29 drawoc@darkrefraction.com drawoc@darkrefraction.com
b0645cf559684f32abae07a6d516e47c502a5853 2013-07-28 teo.mazars@ensimag.fr teo.mazars@ensimag.fr
62f65ea981bea223838fb9495da65b0b476194ed 2013-07-28 teo.mazars@ensimag.fr teo.mazars@ensimag.fr
00797c8b83105376d9e719cb6ce86c41bbb33d9c 2013-07-28 mitch@gimp.org mitch@gimp.org
f0b3c76c9d1b8a2e1ae8960fad108d5f63687700 2013-07-29 jehan@girinstud.io jehan@girinstud.io
3b12541d61a4be973611d3d776a77ab331f3b4bf 2013-07-28 mitch@gimp.org mitch@gimp.org
02a1e57442793d58167dc08b683665e987c905b3 2013-07-28 mitch@gimp.org mitch@gimp.org
013c9d337b27f7846321fb7a374a3a17879d6f14 2013-07-28 mitch@gimp.org mitch@gimp.org
a129f84c68568cc96c3f06a40e8bab6fba035a01 2013-07-28 jehan@girinstud.io jehan@girinstud.io
58931c135d7b349f865520e19481f386917d66bc 2013-07-26 mateju@svn.gnome.org miles@filmsi.net
016669bfa69398b48be677b60c2c8bb4d06da7da 2013-07-26 ajay.010293@gmail.com ajay.010293@gmail.com
37195c8d4e36f4b9f4c55840f351c483ed03854c 2013-07-25 drawoc@darkrefraction.com drawoc@darkrefraction.com
dfad079ae0ae9c1a886fe093238da29d59f34921 2013-07-24 drawoc@darkrefraction.com drawoc@darkrefraction.com
885a81fbfa30c70b9e7d4b2917734e92b61989ac 2013-07-24 drawoc@darkrefraction.com drawoc@darkrefraction.com
5b995df2ea3d8d526271875ec36684dee43375f3 2013-07-23 dmtrs32@gmail.com dmtrs32@gmail.com
fb078df6fb1dc54719a871ab09572d3c42ad001b 2013-07-23 mitch@gimp.org mitch@gimp.org
60ede8133d5dfef43f1dd2b7627a635fc9c56089 2013-07-23 fran.dieguez@mabishu.com fran.dieguez@mabishu.com
c1d9d0c1298623c161c125743cc3565a3a546b8f 2013-07-22 daniel.mustieles@gmail.com daniel.mustieles@gmail.com
3712a8df3eef407edf7f57c758ec037f8c0b57a6 2013-07-21 drawoc@darkrefraction.com drawoc@darkrefraction.com
175835fa2f64d464abb2f7579f379e7ead1f7942 2013-07-21 drawoc@darkrefraction.com drawoc@darkrefraction.com
816f651b8277ee9720c52a13f7abd3a074dc82dc 2013-07-22 jehan@girinstud.io jehan@girinstud.io
092f239dfe4b4c7e47b8ea48905840ac915e9d4c 2013-07-21 teo.mazars@ensimag.fr teo.mazars@ensimag.fr
6247c0790ceda123069da8e55788dab71a0b6b0b 2013-07-21 ajay.010293@gmail.com ajay.010293@gmail.com
fb40054eed9d3fed0dd6f27bf476ef792d945f73 2013-07-21 ajay.010293@gmail.com ajay.010293@gmail.com
814add81dc1989b1884bcf37c4b40683c3ed0c14 2013-07-21 ajay.010293@gmail.com ajay.010293@gmail.com
3aaa0a956d35e86155082a5a7ce4acba0972c4d4 2013-07-21 jehan@girinstud.io jehan@girinstud.io
de8dc1c96affa1787a0095646e2387c62ac042c1 2013-07-20 mitch@gimp.org mitch@gimp.org
0e93e181a277c3d15429d0ab81b120999c8bf302 2013-07-20 jehan@girinstud.io jehan@girinstud.io
409fa79ec24238f908764f97d0689386a3541406 2013-07-20 teo.mazars@ensimag.fr teo.mazars@ensimag.fr
95c235f81f0bc1a8f89bd44dae122eb7b626485b 2013-07-19 teo.mazars@ensimag.fr teo.mazars@ensimag.fr
237067039629c946302ad82b680cb8b21898274e 2013-07-19 jehan@girinstud.io jehan@girinstud.io
aa67bec9f0e8f551bec9c070f22fe8006bc15929 2013-07-19 jehan@girinstud.io jehan@girinstud.io
d682135d7aebad606326cab2528dc534a5e454f7 2013-07-18 mitch@gimp.org mitch@gimp.org
ba7e75bd58303c79b50e417f417d933a1d2b2bf5 2013-07-16 piotrdrag@gmail.com piotrdrag@gmail.com
5069b788fb2bcadcb05f393ba8a3bec174dcc6f5 2013-07-16 jehan@girinstud.io jehan@girinstud.io
48c18ce784c0f53328cec9d686823f469cf22c96 2013-07-15 teo.mazars@ensimag.fr teo.mazars@ensimag.fr
464173ad530a29cfd05a9adc7c5711786749038f 2013-07-15 piotrdrag@gmail.com piotrdrag@gmail.com
2e991eb4e01a3b2fe18eaa5a85d6a5e248ed12c1 2013-07-15 piotrdrag@gmail.com piotrdrag@gmail.com
31b14c2cbff0d25c58ec5ae5f1df79d47d10bcc5 2013-07-15 ajay.010293@gmail.com ajay.010293@gmail.com
0f2d1c1c998cfe7f898c619f238f0547dfa4f22d 2013-07-15 ajay.010293@gmail.com ajay.010293@gmail.com
5b39be560576d1d121e8eb8c74da55b6bca49835 2013-07-15 mitch@gimp.org mitch@gimp.org
653c4e98df693dbe093d703c93d10582d51b4c9f 2013-07-15 mitch@gimp.org mitch@gimp.org
60bf4e367d0357df8eef5dc034f997167aee4d69 2013-07-15 mitch@gimp.org mitch@gimp.org
d1795ac2047de73b7a7d4c9fd2666a8b0b4bd12b 2013-07-15 mitch@gimp.org mitch@gimp.org
cb2b4b6751d6621ad3d40ceadbd6514603cce892 2013-07-15 cwryu@debian.org darkcircle.0426@gmail.com
a1cd4144dffb3f183249b2af17efed6ad11aa6ad 2013-07-14 mitch@gimp.org mitch@gimp.org
37372555e5820f7f0c3a98ce9975ef66c2d8422c 2013-07-14 mitch@gimp.org mitch@gimp.org
89692ef0658a19be94e8c5c42f56fd8007c47df4 2013-07-14 mitch@gimp.org mitch@gimp.org
616e8f2d82ffcf40eaec8034770447e754dbda80 2013-07-14 mitch@gimp.org mitch@gimp.org
2cd25ec863dd47f8dd00776031abad1d9a455ff8 2013-07-14 mitch@gimp.org mitch@gimp.org
3632680049fae535696caffb9d273c1419e99896 2013-07-14 mitch@gimp.org mitch@gimp.org
a2334b0b1592d0ea7cc8b37fec1e21b6a863a212 2013-07-14 mitch@gimp.org mitch@gimp.org
a0f98b50d5557425bb8860f0f991faf406e45ce1 2013-07-14 christian.kirbach@gmail.com christian.kirbach@gmail.com
92e9c0dc4be410fe2a24eb51db51af49d4263727 2013-07-13 teo.mazars@ensimag.fr teo.mazars@ensimag.fr
38ab5f9d64b6e6dadf9468b6bae9b10f07456317 2013-07-13 mitch@gimp.org mitch@gimp.org
6a5e37b68d4a3c136c9a67c86d238f90b8e07263 2013-07-13 mitch@gimp.org mitch@gimp.org
cfb39e6df32f329ddd3270016792700d5b7ec266 2013-07-13 ajay.010293@gmail.com ajay.010293@gmail.com
b283facb890ded45c404749165deeb7413b35ab0 2013-07-13 jehan@girinstud.io jehan@girinstud.io
7e513faa50a1b45f2b216a721c0dce938d0dd52a 2013-07-13 jehan@girinstud.io jehan@girinstud.io
13614f6182fa76d2e5584c3e869cc43a56d715e3 2013-07-12 mitch@gimp.org mitch@gimp.org
26fb257a191885068b7a478a63009a092aff62f4 2013-07-12 mitch@gimp.org mitch@gimp.org
767a5a321708c4ca19bbf1e103a3988fcc404cc5 2013-07-12 mitch@gimp.org mitch@gimp.org
4ab02ea2dd4581559f5a618db2435cda12ddcdbd 2013-07-12 mitch@gimp.org mitch@gimp.org
f7fe056e1968c151795be40aa04807b5f06ccedf 2013-07-10 jehan@girinstud.io jehan@girinstud.io
cc836e7c845b2e4035382cc2cc73064bced55dc5 2013-07-09 mvalentini@src.gnome.org mvalentini@src.gnome.org
3cc923d5a50287b2a7ab77dce381aabab3e37418 2013-07-09 mvalentini@src.gnome.org mvalentini@src.gnome.org
99691c74ea15a9425c5b7366f13a06cf588cda71 2013-07-09 daniel.mustieles@gmail.com daniel.mustieles@gmail.com
c2d8e137802e79923b56dc64708a27f90c33d3e1 2013-07-09 ajay.010293@gmail.com ajay.010293@gmail.com
094e575bab39f8d0a03533f3c815b612160044c2 2013-07-09 ajay.010293@gmail.com ajay.010293@gmail.com
8ef5fca0622447b7f36afd17e93248c754216572 2013-07-08 jehan@girinstud.io jehan@girinstud.io
588012f48c5c211fd4c535282dd444d2719f2328 2013-07-08 daniel.mustieles@gmail.com daniel.mustieles@gmail.com
0c4e7686e856a78bc10e7f9bab148c9c1c45e867 2013-07-08 jehan@girinstud.io jehan@girinstud.io
112fa537305b6913d7c804ba06cf6fae506f4e6a 2013-07-08 jehan@girinstud.io jehan@girinstud.io
893c73cea48f8788b02567c1f9b995173195eee3 2013-07-07 jehan@girinstud.io jehan@girinstud.io
2697b29963165c3c347bab87f0ab974364c336ab 2013-07-07 jehan@girinstud.io jehan@girinstud.io
02fd481c7ee1a2450756b8d8446d89168cccbdeb 2013-07-07 teo.mazars@ensimag.fr teo.mazars@ensimag.fr
409cb44e6febfe42f80c51063cfccd483a53c06a 2013-07-07 teo.mazars@ensimag.fr teo.mazars@ensimag.fr
9daf2b8443be3e3f96cb324ad9b42f5245a20986 2013-07-06 ville.sokk@gmail.com ville.sokk@gmail.com
dcbe7d78738e9b9d654ce554cb14568642e04dcf 2013-07-05 teo.mazars@ensimag.fr teo.mazars@ensimag.fr
ec6720c897a2fe0646da4d18c040d226717ff150 2013-07-05 teo.mazars@ensimag.fr teo.mazars@ensimag.fr
42e370e20822b248b86fe2012663109aaa7f7808 2013-07-05 mvalentini@src.gnome.org mvalentini@src.gnome.org
8a7d5c9d165514f4ee9afdc30cffd6c130aa7588 2013-07-05 mvalentini@src.gnome.org mvalentini@src.gnome.org
80d11a46a84460ee9ada53266064b0210148fa3c 2013-07-06 jehan@girinstud.io jehan@girinstud.io
dedb0250194d3760c6b89d91d4f739dbd7ed8aaf 2013-07-05 jehan@girinstud.io jehan@girinstud.io
97d14ebda3d5790b92f8bfa2a4b3291ccb9289e6 2013-07-05 jehan@girinstud.io jehan@girinstud.io
fc873cd6c338be329c13e8b5da5cee1ad8a700a5 2013-07-05 jehan@girinstud.io jehan@girinstud.io
ba9fbde28844acc90211fdd2eb243ba9505c31c8 2013-07-05 jehan@girinstud.io jehan@girinstud.io
72c909441d6ae0cfe08a6b8fa09b52ba5c545363 2013-07-05 ajay.010293@gmail.com ajay.010293@gmail.com
4e664a011d5b5142c65dd813ee3cb4a324e97ac6 2013-07-04 mitch@gimp.org mvalentini@src.gnome.org
09682d62ae675125e91d537c3ccbdd4571a0b28e 2013-07-04 mitch@gimp.org mvalentini@src.gnome.org
dea99e516b6c796e423da579ea387997a13d4e13 2013-07-04 mitch@gimp.org mvalentini@src.gnome.org
6c62eb2238d2167ebe20ee02ad32ef733db475b1 2013-07-04 mitch@gimp.org mvalentini@src.gnome.org
4eecd9b4ac71615f10819378938dcdce7e531167 2013-07-03 jehan@girinstud.io jehan@girinstud.io
f6dcde1ee66fda4dfdc063022c4d2e901adb9a71 2013-07-03 jehan@girinstud.io jehan@girinstud.io
92e9de96ae5e8a8b1ba917db35aaa281c333c058 2013-07-03 mitch@gimp.org mitch@gimp.org
f885085bcf4b083c1bc00081099129b3b3913066 2013-07-03 mitch@gimp.org mitch@gimp.org
027e34230e5ca415a362135801c49b1249b80a2d 2013-07-01 mitch@gimp.org mitch@gimp.org
16e548c12fe90c88751d1cb835887be99215b773 2013-07-01 mitch@gimp.org mitch@gimp.org
67551bd0cd7a328104dfb084fcb74491a91fa2e1 2013-07-01 ajay.010293@gmail.com ajay.010293@gmail.com
42416cc28fc6ce49134d00ee1b7e0c21159925b6 2013-07-01 sh.yaron@gmail.com sh.yaron@gmail.com
