762ad9c07448a180efe2d33a571d2af5d2f07c7d 2010-08-30 martinn@src.gnome.org martinn@src.gnome.org
6dc2042fe2f4862e409b505b6bc690e79dc919e5 2010-08-30 alexiadeath@gmail.com alexiadeath@gmail.com
9f0cdcded6cca70476419807e57cf1f86e41bff6 2010-08-30 martinn@src.gnome.org martinn@src.gnome.org
34b525a3798081e9b29fc547dbe60b34826009e7 2010-08-30 martinn@src.gnome.org martinn@src.gnome.org
91b069c843e218b56794c358b379d0e9835e1088 2010-08-30 denisarnuad@yahoo.fr alan.monfort@free.fr
05c6b7e9f294c49246e24a96dd27a6610ceee468 2010-08-30 denisarnuad@yahoo.fr alan.monfort@free.fr
3b981a2663b7b012fce2f720c077c28dadb6f11a 2010-08-30 jorgegonz@svn.gnome.org francisco.vila@hispalinux.es
4e2289f736f9505e6613fdd9f3d7276750b8cbf1 2010-08-28 mitch@gimp.org mitch@gimp.org
274f210e4ca3523917a4c32a341aebfa1ec0d1cd 2010-08-28 mitch@gimp.org mitch@gimp.org
02abdff8aa558c7b263c76657c39f72ddf3974de 2010-08-28 mitch@gimp.org mitch@gimp.org
6130f6b0bb1672f7911b0bf2eb02f076e7881a75 2010-08-28 mitch@gimp.org mitch@gimp.org
c0e475e7e2e0b2279b054f7c2aaa5324df469154 2010-08-28 mitch@gimp.org mitch@gimp.org
e582cdd23de7fbbacc3f72419541505562f6bcc3 2010-08-28 muks@banu.com muks@banu.com
d1393686abae45ea403798511c36faf2f7f5d1ad 2010-08-28 mitch@gimp.org mitch@gimp.org
f0c40d3717c9778bb40fa2bb9c1eef3ab15c6862 2010-08-27 mitch@gimp.org mitch@gimp.org
90655d8744f154ba5fe38d8d1aa0a3126796267c 2010-08-27 schumaml@gmx.de schumaml@gmx.de
f1266c2b0ad1355a6d18c05529dc2a0425424870 2010-08-28 lightningismyname@gmail.com lightningismyname@gmail.com
6f8c412735637403063dfb929c3626d4d506d8d4 2010-08-28 lightningismyname@gmail.com lightningismyname@gmail.com
7f10c24f4a1ddef6336247b3c43d80da166e8a87 2010-08-28 lightningismyname@gmail.com lightningismyname@gmail.com
9781cf1523006aafb21c0a7f92a3c3b5faf41de7 2010-08-27 schumaml@gmx.de schumaml@gmx.de
0d35e8de6d79607c0c7fc820884367e39c85fe41 2010-08-27 mitch@gimp.org mitch@gimp.org
ac33ead19d9d321accd2bb787a40c598309f3ada 2010-08-27 s.neumann@raumfeld.com s.neumann@raumfeld.com
9c63f3d4f1f8e561bcbdee47f90ca475afe06530 2010-08-27 mitch@gimp.org mitch@gimp.org
f260cd766eef3b5318a13614ecc9f75f4f88faf8 2010-08-27 mitch@gimp.org mitch@gimp.org
f4f1c563a2216e0956dc191aa7ddbcedff9e8a54 2010-08-27 mitch@gimp.org mitch@gimp.org
3e1b14fd1a83593454357a28e08909458bac81d7 2010-08-27 mitch@gimp.org mitch@gimp.org
63fc773b5178d2e5b35df35d49d1020583109a37 2010-08-27 s.neumann@raumfeld.com s.neumann@raumfeld.com
d4d3e65cbe90d377a6adde30af95446af26869c5 2010-08-27 ciampix@libero.it ciampix@libero.it
aa8ca0439d290e0aab3be3185f2bab0f7db705f4 2010-08-27 ciampix@libero.it ciampix@libero.it
82dca2ecf4030adba8119b81f477d25e06b986fa 2010-08-26 schumaml@gmx.de schumaml@gmx.de
b7b93d3d7bf4d07184d1ec101894fe40a77350b2 2010-08-26 sven@gimp.org sven@gimp.org
a6ce99afe0b49f007b7afe20a26bcc9ae3266f2e 2010-08-26 mitch@gimp.org mitch@gimp.org
be2bd189cd6d96c63e4a8a41cff98486e740ebf4 2010-08-26 mitch@gimp.org mitch@gimp.org
aee148a486060e5b52ca2963cae5de264ba343c1 2010-08-26 alexiadeath@gmail.com alexiadeath@gmail.com
d745ab387168dc583a87ea49822d4a64f140feac 2010-08-26 mitch@gimp.org mitch@gimp.org
fa6eb03fb2f6757e4b3886dc1ca46b78fe3ff49b 2010-08-26 martinn@src.gnome.org martinn@src.gnome.org
98ee5e14a2cd9f9c83dfc76696427ec3b80290e8 2010-08-26 mitch@gimp.org mitch@gimp.org
58db8a3ef0f87e83869604ec45c2f966b90f493e 2010-08-26 mitch@gimp.org mitch@gimp.org
f1d89f712dd75a5e759f5923119500296ed9bd25 2010-08-25 sven@gimp.org sven@gimp.org
cd192adf09a8423aa0d2a2d10db764331cef11f5 2010-08-25 mitch@gimp.org mitch@gimp.org
d73f08840896fc299614004b721b6252b85a3e46 2010-08-25 mitch@gimp.org mitch@gimp.org
3f6bb75129a6ff8c131070301332a47715610b2a 2010-08-25 mitch@gimp.org mitch@gimp.org
3127d36216f996897d0cc36e0920cc8fcd47b5fd 2010-08-25 mitch@gimp.org mitch@gimp.org
e7f6350c2f93eba76fb9a1cc8a94b4206acb8b3c 2010-08-25 alexandre.prokoudine@gmail.com alexandre.prokoudine@gmail.com
4e0925a67c0af366357fd3196f851b99dec53456 2010-08-24 mitch@gimp.org mitch@gimp.org
b5e49426dfff595b9e786f9dbe3f27d0ad75cba6 2010-08-24 mitch@gimp.org mitch@gimp.org
0d39da7ce8f348581684a2c6ce6110311af4b804 2010-08-24 mitch@gimp.org mitch@gimp.org
bb40aef9bfe45cf34098472c2a2325fdc53c6711 2010-08-24 mitch@gimp.org mitch@gimp.org
8fc5fd6c99ac685bd16f3057f5f5c1b3bb73eaa3 2010-08-24 mitch@gimp.org mitch@gimp.org
ea5acef4a5764cdfe2f8ff15b16f9326b093c948 2010-08-23 mitch@gimp.org mitch@gimp.org
18d3882c5c4a9e210506cb1b37facee939299587 2010-08-23 mitch@gimp.org mitch@gimp.org
3a1ba90507a6b16b0ad54c190ad3f3b8d9f7d42b 2010-08-23 mitch@gimp.org mitch@gimp.org
6411f5e32782b97a3e35c45cad5057b577a11530 2010-08-23 lightningismyname@gmail.com lightningismyname@gmail.com
3d6eff1d4986b06e8dcb6b50d7224fc77da7b8b5 2010-08-22 sven@gimp.org sven@gimp.org
9bde117b055cf7e2989e14ce7c10103232aee399 2010-08-22 sven@gimp.org sixtysix@inwind.it
8d0be04e51fcb737c3404c26c77dbab09258ac34 2010-08-21 martinn@src.gnome.org martinn@src.gnome.org
3a447213a9878eae967395c2a0acb2e207ef08e4 2010-08-21 martinn@src.gnome.org martinn@src.gnome.org
1d7dd157e23d5d41ba57da1bba00211db82844c5 2010-08-20 martinn@src.gnome.org 00ai99@gmail.com
ac6722929ae5243965d18d4c101942f2727b424d 2010-08-20 martinn@src.gnome.org martinn@src.gnome.org
4f14da539118f7a4017c271b202c6c6ea304672b 2010-08-20 martinn@src.gnome.org martinn@src.gnome.org
e8cbb1ef2c728b98739ae8b1cc383e1cdd3a1ad6 2010-08-18 martinn@src.gnome.org martinn@src.gnome.org
93efe1eb5658ad0d2f0f67073be51ce4789d9fb8 2010-08-17 schumaml@gmx.de schumaml@gmx.de
92d0b22653322594eb6843fbaa8c2622e3a89f65 2010-08-17 martinn@src.gnome.org martinn@src.gnome.org
9bd423994dec49366388a6d448def80b6a82e7cf 2010-08-17 martinn@src.gnome.org martinn@src.gnome.org
a0dc12a0f3c2f2ea1aa55c3a3e4717fe77d345a8 2010-08-17 martinn@src.gnome.org martinn@src.gnome.org
fa441e8d5fe3e2356bae6bca2c8185c2a5bffcfb 2010-08-17 martinn@src.gnome.org martinn@src.gnome.org
74f39616a0caca9a0a2608a666c4c2ef5b2bf267 2010-08-16 schumaml@gmx.de schumaml@gmx.de
876e99fdd097ab50d3744cb7f85956ac57928322 2010-08-16 martinn@src.gnome.org martinn@src.gnome.org
30693304bcc4afc6799716a183848b0f1d70768b 2010-08-16 martinn@src.gnome.org martinn@src.gnome.org
410d4426e8edaaf0f5f6dc7cdfd8bb51e8f71b74 2010-08-16 martinn@src.gnome.org martinn@src.gnome.org
270ba46eba8270c42ad5c722854d4def295740c6 2010-08-16 martinn@src.gnome.org martinn@src.gnome.org
693a76a3367c0dc08774194abd8b60dc5de45614 2010-08-16 martinn@src.gnome.org martinn@src.gnome.org
37d38f596eda696407f79cd04618cf87f5fecdd4 2010-08-15 batolettre@gmail.com batolettre@gmail.com
f44dcf26b3dda6a3b7155fc2766529d26598ae28 2010-08-15 batolettre@gmail.com batolettre@gmail.com
e2a7ef2e3261c909ce5eac91c7592b2009769c6d 2010-08-15 batolettre@gmail.com batolettre@gmail.com
537c72b0cf0ebb79707e476c5b206bc191c609bf 2010-08-15 batolettre@gmail.com batolettre@gmail.com
28cfa9d3df88bbf54a99b45a4dd38211a07922d3 2010-08-15 alexiadeath@gmail.com alexiadeath@gmail.com
f037300658512c6f2d583f987b10af18ebb54969 2010-08-15 alexiadeath@gmail.com alexiadeath@gmail.com
c06ed13a144787469e9945e19355ba736a6c0893 2010-08-15 alexiadeath@gmail.com alexiadeath@gmail.com
f92b01d233ecd1ea6f899a0b66781ece3a8aac09 2010-08-15 batolettre@gmail.com batolettre@gmail.com
02a14315f49530558914e385cdacfdbc7b315a29 2010-08-14 batolettre@gmail.com batolettre@gmail.com
b7c2b26defcefd566a27595eec468a9dfa0de860 2010-08-14 batolettre@gmail.com batolettre@gmail.com
c4a196d87ac2d0c92f911ef1081936e4ff1abce1 2010-08-14 batolettre@gmail.com batolettre@gmail.com
2dfb79ec74c3be6ece2daf3e93ba1a88d5ae899d 2010-08-14 batolettre@gmail.com batolettre@gmail.com
7655a45d61d6619243589dd440c692907166d159 2010-08-14 batolettre@gmail.com batolettre@gmail.com
268c5ca968c8549738dcc7136aaeff7474dcda53 2010-08-14 gforcada@gnome.org david.planella@googlemail.com
54a9294ea9ee33cf5b27a9d68ab4d32cc9fd4104 2010-08-13 batolettre@gmail.com batolettre@gmail.com
6c36d7ac13f9c51d6c4aef283a5be963d1eb6412 2010-08-13 batolettre@gmail.com batolettre@gmail.com
6b65f94c66c946355618ff6e60fbc8a6d488553a 2010-08-13 ciampix@libero.it ciampix@libero.it
2401b3b7174b2145bb93e2c1e387ed23d7e6e56c 2010-08-13 j_h_liau@yahoo.com.tw j_h_liau@yahoo.com.tw
503cd01d2be257204eff9f559336ba345478f08d 2010-08-13 ciampix@libero.it ciampix@libero.it
5eb5d0e8d8960fedd0cb764f1bf13adb30bd8751 2010-08-13 ciampix@libero.it ciampix@libero.it
a31b437bf6f14997cafef587a08ce10bbdcf643f 2010-08-13 alexiadeath@gmail.com alexiadeath@gmail.com
2643fc74bdacca7a179d5e043a5792da3ff82f05 2010-08-12 schumaml@gmx.de schumaml@gmx.de
608a680240eb4a10e718cdb4ac8e17e70c695312 2010-08-12 schumaml@gmx.de schumaml@gmx.de
fe7b253512a9286aa6ff6b24c873fa5d27342be7 2010-08-12 schumaml@gmx.de schumaml@gmx.de
c29396a0c23d9071b5f35d26b7bf2974d29e840a 2010-08-12 batolettre@gmail.com batolettre@gmail.com
25818716b3aa53eccbb88c5416c865785bed3871 2010-08-12 batolettre@gmail.com batolettre@gmail.com
9b3dbf9f3ecd9123bb8b0e2078db09dc7065f27a 2010-08-12 batolettre@gmail.com batolettre@gmail.com
3d791670747db6ee3b9dfb0fbf57f06c0240433f 2010-08-12 batolettre@gmail.com batolettre@gmail.com
023aa06883f325a76d80dc712c3369f478b77331 2010-08-12 batolettre@gmail.com batolettre@gmail.com
1d1ff1fedde7e2420f3ae27bcde7f1880eb3767d 2010-08-12 mitch@gimp.org mitch@gimp.org
922c330bec7bac517b94d6d91b0e8ce4feb76e47 2010-08-12 mitch@gimp.org mitch@gimp.org
0985274e8ce34002e62a7ad56ba1c6e316028257 2010-08-12 mitch@gimp.org mitch@gimp.org
03ad3f00277ed649456b15b749747fc19e1cb53e 2010-08-12 mitch@gimp.org mitch@gimp.org
002003a2ea6c96ab9547a8418bd067698ecc3655 2010-08-11 mitch@gimp.org mitch@gimp.org
1a609d6381b8322691e183152f691faccf21dcd1 2010-08-11 mitch@gimp.org mitch@gimp.org
951c1354830d32d322f7b761c55a79e4969221bf 2010-08-12 alexiadeath@gmail.com alexiadeath@gmail.com
50fdbf09fdf44a34b9acd7d3e01282f9c6096322 2010-08-11 batolettre@gmail.com batolettre@gmail.com
fe9f1f4a0152a7719486515c3966aec18234501e 2010-08-11 batolettre@gmail.com batolettre@gmail.com
eabbabb571bb14bb4c4922b675a467e5b6291cee 2010-08-11 batolettre@gmail.com batolettre@gmail.com
716a3ac4467d76fb1aa2c7e794a843bb43016ff7 2010-08-11 lightningismyname@gmail.com lightningismyname@gmail.com
88ddd0b9c624c21c84ea6e74b0f1b0c04496221b 2010-08-11 lightningismyname@gmail.com lightningismyname@gmail.com
a6d7542c56205678530f6c32aa9698d50980ed35 2010-08-11 mitch@gimp.org mitch@gimp.org
72e29d882e9598336d4facda10bf10fa9dbe8a2f 2010-08-11 vasudeven@git.gnome.org vasudeven@git.gnome.org
f7854124cee7e8c6559acccbb0369ab315166183 2010-08-11 vasudeven@git.gnome.org vasudeven@git.gnome.org
529ce40a5d92d9c9957c7e8350ce48ffbcad033a 2010-08-11 mitch@gimp.org mitch@gimp.org
1078f2c8969675f0d3f5232c6fc5374b4c425e2c 2010-08-11 ciampix@libero.it ciampix@libero.it
37051c6ce8072a93c3e780fc858ed0b2cc754600 2010-08-11 ciampix@libero.it ciampix@libero.it
f5935620553ce2979c90f5e5d35bac30bdf207ac 2010-08-10 alexiadeath@gmail.com alexiadeath@gmail.com
67c1981a40c1dc301e4660ec48654c5693bba432 2010-08-10 batolettre@gmail.com batolettre@gmail.com
81c948f196a981e186937eeb7e79f434aa152f7b 2010-08-10 batolettre@gmail.com batolettre@gmail.com
34b40a6c7efbdd6e4ed5212f4315c03366a109a0 2010-08-09 batolettre@gmail.com batolettre@gmail.com
62c4387a26769b26f2e4557128d6c5b029004c3f 2010-08-09 mitch@gimp.org mitch@gimp.org
19b81bb097732981341191ad9d4829e632029a6c 2010-08-08 batolettre@gmail.com batolettre@gmail.com
fe72f5985bb853468383a0abd5d4d4f8b3cbf574 2010-08-08 mitch@gimp.org mitch@gimp.org
1ba9de4567758a575ffdcd755ad9ded7d4430865 2010-08-08 mitch@gimp.org mitch@gimp.org
b2642272a41fa006f0584af75104909f5944aa50 2010-08-08 mitch@gimp.org mitch@gimp.org
3762e03bf6c386a54d4ba4ce0c2a37211b466507 2010-08-08 mitch@gimp.org mitch@gimp.org
10574e8f220f5583ea49aedaf56640b81790298e 2010-08-08 mitch@gimp.org mitch@gimp.org
789cc05baf1430eb97f79184cbd252bc65c15893 2010-08-08 mitch@gimp.org mitch@gimp.org
1e48f161131eb1b6f36868ebc9c748a69b514dff 2010-08-08 mitch@gimp.org mitch@gimp.org
e94d90f4a7e40c1f946f32f25a556599f60825dd 2010-08-08 batolettre@gmail.com batolettre@gmail.com
a68eb9d72d8e15c645eb450965c2f6a61ab935dd 2010-08-08 batolettre@gmail.com batolettre@gmail.com
90d3900fbcd39124f14ccbad55d95c7f28734e32 2010-08-08 batolettre@gmail.com batolettre@gmail.com
69cf476387327acb6fbd2776d46350d29efd403a 2010-08-08 batolettre@gmail.com batolettre@gmail.com
459414c9dc2a7cfdd95967662fc3d6cd58021aed 2010-08-08 batolettre@gmail.com batolettre@gmail.com
9677eeeffc263913a76481e2d714036c65964291 2010-08-08 batolettre@gmail.com batolettre@gmail.com
8c33eb83f7d47bc417417ec19428c6dbf78e4650 2010-08-08 batolettre@gmail.com mure.michael@gmail.com
3c5c65ea3c3c9c163eb9fb8fef4e8b1561d7571a 2010-08-08 batolettre@gmail.com mure.michael@gmail.com
09ce431e7d80237804dac2cee3149968daceaf6f 2010-08-08 batolettre@gmail.com mure.michael@gmail.com
670a20de05cad6077edc422bb9ddc9fdb1dd471b 2010-08-08 batolettre@gmail.com mure.michael@gmail.com
54ef87a7d3d489b6c815db2dfad7f51932fcb2b5 2010-08-08 batolettre@gmail.com batolettre@gmail.com
973aeee9d4ec349acf17b977677a1a4fe07e0079 2010-08-08 batolettre@gmail.com batolettre@gmail.com
4f26fc8d44dc0a3919a92afd6477055480423f1a 2010-08-08 batolettre@gmail.com batolettre@gmail.com
7436539878ac1243d83a36882457e7dc34141ba8 2010-08-08 batolettre@gmail.com batolettre@gmail.com
d7474cd33acb1a332ee26c2a8bea9d169374feec 2010-08-08 batolettre@gmail.com batolettre@gmail.com
74a37c6266ea163d2c23c26a85f8fbc789acb249 2010-08-08 batolettre@gmail.com batolettre@gmail.com
b05460f2926825097c8003f9b1f4c884d5ed7afe 2010-08-08 batolettre@gmail.com batolettre@gmail.com
c686093b38c9c8b2517e5e73f57ed1ff93b987c2 2010-08-08 batolettre@gmail.com batolettre@gmail.com
2abbfc91140041a85eedbf5bfb6dab83301687a9 2010-08-08 batolettre@gmail.com batolettre@gmail.com
5d483a95176e75178edba417f0911414e980e5f9 2010-08-08 batolettre@gmail.com batolettre@gmail.com
066bbb80f4bc22a17db3884a2c3524ad5aa058d7 2010-08-08 batolettre@gmail.com batolettre@gmail.com
e141953d35397bc7cd96c5309bcfc8cc4249001e 2010-08-08 batolettre@gmail.com batolettre@gmail.com
98ff627955f07c6bfaadb971afd41bb9a15e7ffb 2010-08-08 batolettre@gmail.com batolettre@gmail.com
fcd156014a60c713687b88a0bbee20fc76c0cdaf 2010-08-08 batolettre@gmail.com batolettre@gmail.com
c24029c230cbeb107b58f0d6bf685dd921158666 2010-08-08 batolettre@gmail.com batolettre@gmail.com
df842ba87c0f9c50e6fb258fa4f02d1c917cadea 2010-08-08 batolettre@gmail.com batolettre@gmail.com
a20c519bafdb6509c44ef96763428e4652d29495 2010-08-08 batolettre@gmail.com batolettre@gmail.com
c1485b214e64c0fcaf117e6a70dbd10c8f15a959 2010-08-08 batolettre@gmail.com batolettre@gmail.com
2ef73c356e88d02af3da118bc5f591a445b84260 2010-08-08 batolettre@gmail.com batolettre@gmail.com
db5981a69cc9ee9938c92059f92d25996adcd6eb 2010-08-08 batolettre@gmail.com batolettre@gmail.com
d836615ae741a11ded35b9cea992dbd168ee155b 2010-08-08 batolettre@gmail.com batolettre@gmail.com
ad0a81c528abf4f5eca5fe57fd147d5b8b3270b5 2010-08-08 batolettre@gmail.com batolettre@gmail.com
1b67742e4f7f61e887fc57bb4b18a47758d316cc 2010-08-08 batolettre@gmail.com batolettre@gmail.com
a93752554de8f38a4c5878eb05487c9829f14dfd 2010-08-08 batolettre@gmail.com batolettre@gmail.com
81f9e6019bd771150dd720b385b4a4a702bfa2ab 2010-08-08 batolettre@gmail.com batolettre@gmail.com
6533622ace37c0f43428ce5c9c78d1a90fee9ce4 2010-08-08 batolettre@gmail.com batolettre@gmail.com
98b198785a0c49c7523cc00afc85e4bc31cec7ac 2010-08-08 batolettre@gmail.com batolettre@gmail.com
3715837edf062db1bf1dad38c83c5c3441ff0666 2010-08-08 batolettre@gmail.com batolettre@gmail.com
884bc9b0f56ee2ce4e6dd7b592b908791d09edfc 2010-08-08 batolettre@gmail.com batolettre@gmail.com
fb737d2197d3fe70c496721d183983eb0eabc952 2010-08-08 batolettre@gmail.com batolettre@gmail.com
f994d57732a96b1ef40cad683cba68429f69a42d 2010-08-08 batolettre@gmail.com batolettre@gmail.com
509d329f159507d0af5cfd316c982617eb914aad 2010-08-08 batolettre@gmail.com batolettre@gmail.com
b010b1911806fe779732f003e4d5b0a9db5144c1 2010-08-08 batolettre@gmail.com batolettre@gmail.com
2157a67cea62829115277494a0fa782ef890db6c 2010-08-08 batolettre@gmail.com batolettre@gmail.com
a50c5dc46451fed3db4788c8797d27432e25af2b 2010-08-08 batolettre@gmail.com batolettre@gmail.com
18565165476a69c5768f3a03183c90c216e09185 2010-08-08 batolettre@gmail.com batolettre@gmail.com
6a387f7db0ac0bdaf3c9652fe8f58fca7d8c4129 2010-08-08 batolettre@gmail.com batolettre@gmail.com
b389ec701c0a3a4ad238a806d98518dcafc335d1 2010-08-08 batolettre@gmail.com batolettre@gmail.com
f6316285be6f78628006588c36698e9d1caf7b51 2010-08-08 batolettre@gmail.com batolettre@gmail.com
24652b4fbde2b3bfe4e075e88aff0ad562d4a948 2010-08-08 batolettre@gmail.com batolettre@gmail.com
e1e2a0c10cbcbfcbdb7084ee0c1d2e8ea400f97e 2010-08-07 lucian.grijincu@gmail.com lucian.grijincu@gmail.com
48b10d57f89757ba25468d2fc2f9c65cb66ae31c 2010-08-07 lucian.grijincu@gmail.com lucian.grijincu@gmail.com
1ca4f9ef97793794bbfe9a2e709e2390a3f4f596 2010-08-07 deejay1@srem.org deejay1@srem.org
3c63e2018102215e629d971d60e1cd334f0572af 2010-08-07 lucian.grijincu@gmail.com lucian.grijincu@gmail.com
5c252e323fb2f1ad29c70748a742183f4e2de7b3 2010-08-07 sven@gimp.org sven@gimp.org
dbba892079e8c49a2ec21203e529ac727e2d69df 2010-08-06 lucian.grijincu@gmail.com lucian.grijincu@gmail.com
5e49f5f8782b9197acdeab151caba47e1f4a9177 2010-08-06 lucian.grijincu@gmail.com lucian.grijincu@gmail.com
f90e15aac9c086bbeb7ab608d63f5ff1363c1691 2010-08-06 lucian.grijincu@gmail.com lucian.grijincu@gmail.com
4f3f841e1cb8b84e0a7225ae3f2bdea8a0ec99ef 2010-08-06 lucian.grijincu@gmail.com lucian.grijincu@gmail.com
d5df55e3254f3b6dbcd8bb57375d71d907a0c6d4 2010-08-06 lucian.grijincu@gmail.com lucian.grijincu@gmail.com
85bb25433926e19ef88088743e75c4b2ba9d188d 2010-08-06 lucian.grijincu@gmail.com lucian.grijincu@gmail.com
cba08b771a518856031cd17a3935870f513c680d 2010-08-05 mateju@svn.gnome.org miles@filmsi.net
bdcd7500a88d46892d17a08ad5db5027ab0338d0 2010-08-05 mateju@svn.gnome.org miles@filmsi.net
e33a260941ef979d1d9f6671af8848190cfcd6b3 2010-08-05 mateju@svn.gnome.org miles@filmsi.net
a389e2ff438fe9b6bce348fe8a6bb5c5e615eeca 2010-08-05 mateju@svn.gnome.org miles@filmsi.net
df0627c0eb5b8c71bb5923265a5c49d06f096826 2010-08-05 lightningismyname@gmail.com lightningismyname@gmail.com
e12162bbb1f20bf86f496e92b9439f69f843cc4e 2010-08-05 lucian.grijincu@gmail.com lucian.grijincu@gmail.com
101cfa0f1933be899b2e6996bd67fbca31c502d7 2010-08-05 lucian.grijincu@gmail.com lucian.grijincu@gmail.com
782b16c4c52acdccc59aa6a2816d6c719df74f68 2010-08-05 lucian.grijincu@gmail.com lucian.grijincu@gmail.com
441606449b77b05ef51495394964d4458e8a58bd 2010-08-05 lucian.grijincu@gmail.com lucian.grijincu@gmail.com
ab673588a98aec75410acba93599cf4a536a8410 2010-08-05 AE5T-KSN@asahi-net.or.jp ml.nishibori.kiyotaka@gmail.com
4d56d260b6e3fd92aa46ab17b21c81e76118e37c 2010-08-05 AE5T-KSN@asahi-net.or.jp ml.nishibori.kiyotaka@gmail.com
3fa6b209578443ae70250ada3fbcba4986e89ed0 2010-08-04 lightningismyname@gmail.com lightningismyname@gmail.com
690ffe4925ceaeccefaf51a639022847483900c0 2010-08-03 ciampix@libero.it ciampix@libero.it
785238ca23ad5bf6b5a60f55a8c219425863117a 2010-08-03 ciampix@libero.it ciampix@libero.it
edf792a40f0fe9e331b40f3b98ef2d488db3683a 2010-08-03 ciampix@libero.it ciampix@libero.it
f05b92fe1d918fd1f1b20b59bdfae6a698189d61 2010-08-03 ciampix@libero.it ciampix@libero.it
03f1034a9773232f54a98ef684b49342c31b8c82 2010-08-03 lightningismyname@gmail.com lightningismyname@gmail.com
25be82a04b22e932229e90f08a4859768546262f 2010-08-02 muks@banu.com muks@banu.com
10d11abcd5176e5433f3435f76d261ce6eec2d7f 2010-08-02 muks@banu.com muks@banu.com
