a324206a3e693dbd7bcc481b3650ca198332d2e3 2011-09-30 muks@banu.com nils@redhat.com
b6310f88cf16650e5e063dbf8661e836484c63f3 2011-09-30 muks@banu.com nils@redhat.com
ac6d4e453604731273d25b93f3636c2a375dacae 2011-09-29 alexiadeath@gmail.com alexiadeath@gmail.com
cd2a1a92fc05590b662c1b7fbaa5641394eb3831 2011-09-29 alexiadeath@gmail.com alexiadeath@gmail.com
d34bbaec2d11ad3f730d0b99e94b4f80fb16e8a3 2011-09-28 mitch@gimp.org mitch@gimp.org
2917a0ee3e3a9ab5955dcd0da803706be3098970 2011-09-28 nils@redhat.com muks@banu.com
7401cc38d106410dd66fe23f05225cea0d2600a1 2011-09-28 alexandre.prokoudine@gmail.com alexandre.prokoudine@gmail.com
394205b3cac08256427f4be8bd23cb926db509d7 2011-09-27 fran@openhost.es fran@openhost.es
5769acd3db0c726914c2a399e59b71eb4d8a9d7d 2011-09-27 muks@banu.com muks@banu.com
3b6ab5a48cd366ede815f31dddf11a36c4a9217a 2011-09-26 mitch@gimp.org mitch@gimp.org
7aebf7ee6514c7e1e7ca1a716ae64921a868e4d0 2011-09-26 ciampix@libero.it ciampix@libero.it
0f03ed9e05f322075e9836dc9d6ec7f909948702 2011-09-25 mvalentini@src.gnome.org mvalentini@src.gnome.org
a67bb11cf5fb9cc90436f24522ac89c68527d242 2011-09-25 mvalentini@src.gnome.org mvalentini@src.gnome.org
359c9c22d9445699ea4a010038658efe74d8f4d7 2011-09-25 mvalentini@src.gnome.org mvalentini@src.gnome.org
a1a32282edda90331eb1a04cf97839d83457dcb2 2011-09-25 mateju@svn.gnome.org miles@filmsi.net
075d7f0de78497d22aaf57ed8fcfb6a4e10e3e35 2011-09-25 mateju@svn.gnome.org miles@filmsi.net
e071bfa3b6eae78b9e81d22d9dc584701173d6bc 2011-09-24 mitch@gimp.org mitch@gimp.org
624e99041be497df35ffb1b6bf638c7df5ec4d16 2011-09-24 mitch@gimp.org mitch@gimp.org
c3c40fd45f2c40c26aee5d1947d7cc8f0a577586 2011-09-24 mitch@gimp.org mitch@gimp.org
23978ecec326dff969a6e889a16dff3d3cb0b224 2011-09-23 kcozens@svn.gnome.org kcozens@svn.gnome.org
fc811f3708fbd911d40b88a1bd02e7921126bd24 2011-09-23 kcozens@svn.gnome.org kcozens@svn.gnome.org
599f6e839074f668fee4fc75bb96f3261423cb11 2011-09-23 kcozens@svn.gnome.org kcozens@svn.gnome.org
b61b8782d0f4a1d3ded17db5f9bc1e1bd8a032cf 2011-09-23 kcozens@svn.gnome.org kcozens@svn.gnome.org
69f55d0fb015b46e6f48ef699d1db6a23a0031f4 2011-09-24 mitch@gimp.org mitch@gimp.org
fdb69d20d5df8438426e42a562992c837faa405c 2011-09-24 mikachu@src.gnome.org mikachu@src.gnome.org
9ec15d898d1d33c83854f4cf1368303f8d6994b9 2011-09-23 mitch@gimp.org mitch@gimp.org
4e3c3089313544f2ec21f345123be1bc80ce0461 2011-09-23 mitch@gimp.org mitch@gimp.org
d995fefb7c729fd0c3eb995f665b16825e13bf8a 2011-09-23 mitch@gimp.org mitch@gimp.org
bc4fa9a8c4defdd39b5ede34e5fb69bdbe9ee33e 2011-09-23 mitch@gimp.org mitch@gimp.org
0e1d07d1292eb98d8917ad18c5c1d92da097c6ed 2011-09-23 mitch@gimp.org mitch@gimp.org
989ac15a9793bbc4301f5a50e61c6103319a9f9b 2011-09-23 mitch@gimp.org mitch@gimp.org
944f6a529d14e25f5ef449c3705934316f2c38c2 2011-09-23 mitch@gimp.org mitch@gimp.org
578e6402b84523f660da0a0f9a731a226411e209 2011-09-23 mitch@gimp.org mitch@gimp.org
208fedd7ea0a19ec3d356a082c9283030c2a0657 2011-09-23 mitch@gimp.org mitch@gimp.org
e8f64664c90b124b609cebd3b3ddf7a89f225658 2011-09-23 mitch@gimp.org mitch@gimp.org
5c8ded8960350905e6b66181322e34b323fbe82d 2011-09-23 mitch@gimp.org mitch@gimp.org
00c446fc6e65040360dbd61bba482fec29645651 2011-09-22 mitch@gimp.org mitch@gimp.org
281c4cebb237e2272277fabdcc6ee7c75723ca41 2011-09-22 mvalentini@src.gnome.org mvalentini@src.gnome.org
91c25e1477a5e57012fd91885fecdbed2f603521 2011-09-22 mateju@svn.gnome.org miles@filmsi.net
7df2cb45b3c77ad2847c3756b2e5d711e104b5bd 2011-09-22 nils@redhat.com nils@redhat.com
e26b52063197f53f57dafda2ccbed5aa6e3ec4d2 2011-09-21 nils@redhat.com nils@redhat.com
509730a8cb94a9a3ca745908920bdb7bc705b18a 2011-09-21 nils@redhat.com nils@redhat.com
902f768a811b5de26c588018d0af4415a312de6b 2011-09-21 nils@redhat.com nils@redhat.com
f060a8767a37ca8fea650daba8e9cbac1dc746a3 2011-09-21 nils@redhat.com nils@redhat.com
00425ea7085e22e59d4092a1467284d1bc0e011b 2011-09-21 nils@redhat.com nils@redhat.com
25d339bddef5402a1b7c25bb2fc39b93908702ee 2011-09-21 nils@redhat.com nils@redhat.com
c5068c2b81466fb8c79f976622570f91b0286e87 2011-09-21 nils@redhat.com nils@redhat.com
67f3423543b1dc94f0e491568ab968b25c9b844b 2011-09-21 nils@redhat.com nils@redhat.com
dc4e802f0883fdf74cdb3dfff0028db4baeca1d2 2011-09-21 nils@redhat.com nils@redhat.com
640f9181eecd22ce58f26410c6437df09b6e01da 2011-09-21 nils@redhat.com nils@redhat.com
5db7dfd03268885bdbd68762d466670e53a201a5 2011-09-21 nils@redhat.com nils@redhat.com
7bd11510168e0854e683d7fff845aadac2a6951d 2011-09-21 nils@redhat.com nils@redhat.com
d1e0f540e551cbc7f622a84dc65a7e97d016174c 2011-09-21 nils@redhat.com nils@redhat.com
ff2b9ee727586b431e17f283825be3444b5ef496 2011-09-21 muks@banu.com muks@banu.com
1ac6c7b85c461b29fc84c9ed5446e7ae98102e00 2011-09-21 muks@banu.com muks@banu.com
db2a961004aa6ce291ff7637b57172c38b22d029 2011-09-21 nils@redhat.com yosh@gimp.org
7f8d272d4c4a3990259928070752f215fb229d6f 2011-09-21 nils@redhat.com yosh@gimp.org
3145c80aba6d1a93845c014fc6d9ce93e644ee78 2011-09-21 alexandre.prokoudine@gmail.com alexandre.prokoudine@gmail.com
b300e389d2c12174e7853f0251e6e9789ee23c6a 2011-09-20 mvalentini@src.gnome.org mvalentini@src.gnome.org
f794c078be44c975eef3e4240679abd2a3803822 2011-09-20 simos@gnome.org simos@gnome.org
0aa896450c87000afa6297670435c966e3663eb6 2011-09-20 simos@gnome.org simos@gnome.org
294c97d19abe334d89509b80f54dfac3166c3b89 2011-09-19 annoa.b@gmail.com annoa.b@gmail.com
439e8b0bf15991fa7a977b5ee841d753e7eec63c 2011-09-19 nils@redhat.com nils@redhat.com
fa529db76b0793f5bfff143ef335becc132ee4f5 2011-09-19 agnihot3@gmail.com agnihot3@gmail.com
82f3e55365972c3a9cfbd7932e05772e5bc9d9e3 2011-09-19 annoa.b@gmail.com annoa.b@gmail.com
5c44821c796aed5eac47709792d4f7546f155827 2011-09-19 claude@2xlibre.net jhardlin@orange.fr
d92cd2f6c84b309b13e5efa5cd5a9e723be1b995 2011-09-19 mitch@gimp.org mitch@gimp.org
f8a2644b13fb7ea279dd21cf32844c5f519b2133 2011-09-18 mitch@gimp.org mitch@gimp.org
7afa8665c1e600fe239c66d0a9752dced376afc2 2011-09-18 k.nielsen81@gmail.com joedalton2@yahoo.dk
601d74f859bf6a2cb35b9f5794db14871e5b35f2 2011-09-18 k.nielsen81@gmail.com k.nielsen81@gmail.com
6ac9562c08a906e2badf75202ca8da104671d0b6 2011-09-18 k.nielsen81@gmail.com joedalton2@yahoo.dk
07024e01e7e503c3d6f802f44fbc1844f6083709 2011-09-18 k.nielsen81@gmail.com joedalton2@yahoo.dk
34168cbb5508d0eb07f700c65fd2227751e01200 2011-09-18 k.nielsen81@gmail.com joedalton2@yahoo.dk
d74f5efdc22ee791fec970ceb5e3991d2b83f3d2 2011-09-18 k.nielsen81@gmail.com pillum@msn.com
9199432edaf4b4c040d896b40f29ad06d52c265a 2011-09-18 mvalentini@src.gnome.org mvalentini@src.gnome.org
ecacdbc7cd9b76b6d7de2ff7a4eef244419a9855 2011-09-18 muks@banu.com muks@banu.com
bd3faae04cdc5e8af381551a6ada928017074e6e 2011-09-18 muks@banu.com muks@banu.com
cbed71eb30dd3fed2c81c423010b905570bab8e6 2011-09-18 muks@banu.com muks@banu.com
dfdf05a5788e576bff5340fdd13e3e62d0575bf0 2011-09-18 muks@banu.com muks@banu.com
50b093d92c6b43ee2485bbd3f70a0eb213cf671b 2011-09-18 muks@banu.com muks@banu.com
f6b70ec3e9b9dc379a09dbb85c9fb64ba6ce8137 2011-09-18 muks@banu.com muks@banu.com
536d6a527cc173adb7a84c7baa0c418595ccbccb 2011-09-18 muks@banu.com muks@banu.com
2aae54226c1284ebfd325264a045270c019a2c43 2011-09-18 muks@banu.com muks@banu.com
e6edc7d83349600e5dff289c894df9c079bf2399 2011-09-18 muks@banu.com muks@banu.com
7656e2bda1bcacbc2874a664b007aa0585461326 2011-09-17 mitch@gimp.org mitch@gimp.org
f67c592f0ef90b5d932d79f6633de8881294153b 2011-09-17 ciampix@libero.it ciampix@libero.it
6b0e77eafe3728ef03c2696e826589a4d8e8af14 2011-09-16 mitch@gimp.org mitch@gimp.org
ed00cff9d3d4e52a7fb5769496d3879ae8a46a91 2011-09-16 mitch@gimp.org mitch@gimp.org
3066a8228a1273ad37a30d095e8ce94faceb1cdc 2011-09-16 mitch@gimp.org mitch@gimp.org
5a46d1e247b0c42a77efcd1750c80722f5972c0d 2011-09-16 agnihot3@gmail.com agnihot3@gmail.com
10f7484cd7c6a7528ee34702ed7cdc489d5fce4e 2011-09-16 agnihot3@gmail.com agnihot3@gmail.com
c439d1ac34772f3ab60a57cf95db718db03c30fd 2011-09-16 ciampix@libero.it ciampix@libero.it
5a4708627e584da0e21895a47fdfe7944c94aa60 2011-09-16 ciampix@libero.it ciampix@libero.it
2744360f05800577bda7768d5e852e93bdb5967a 2011-09-16 ciampix@libero.it ciampix@libero.it
62d9ba7ab340e8bff0cbcc54f06ee5008ad7112b 2011-09-16 ciampix@libero.it ciampix@libero.it
8424aafc05a57b9262e07b5098b8ecd41bf8a5cd 2011-09-15 martinn@src.gnome.org martinn@src.gnome.org
3484309e4924d2da0c99637630181b6aba9a75da 2011-09-15 dooteo@dhcppc3.zundan.com dooteo@zundan.com
de9011d9448d649837e8d9f96d75585c2a51bade 2011-09-15 dooteo@dhcppc3.zundan.com dooteo@zundan.com
519b2c60f0f859c3c44a8de997e6008510dd86a1 2011-09-15 dooteo@dhcppc3.zundan.com dooteo@zundan.com
b52182eb8dd16d6413271bdcf7f2882ee0969c61 2011-09-15 dooteo@dhcppc3.zundan.com dooteo@zundan.com
c2a132dd42abc20f165eb7686c8562a564e843d9 2011-09-15 dooteo@dhcppc3.zundan.com dooteo@zundan.com
3d1b6dfae973bef3035ce516b411063075526f37 2011-09-15 dooteo@dhcppc3.zundan.com dooteo@zundan.com
cb5ff4f253f400939b0fdcec98cbb46cdd38d6f6 2011-09-15 dooteo@dhcppc3.zundan.com dooteo@zundan.com
003773f52aa494d1c2f5eb54a63a7d2a46d29801 2011-09-15 dooteo@dhcppc3.zundan.com dooteo@zundan.com
023db8449cbd48bb10442a1a095dd760844756e9 2011-09-15 daniel.mustieles@gmail.com daniel.mustieles@gmail.com
0bd8fe65336b6657797b2e0e25cf4ec15c45dc5b 2011-09-15 ciampix@libero.it ciampix@libero.it
240ef571c2509480efb31c9d72e8bb5c03ea0f91 2011-09-15 ciampix@libero.it ciampix@libero.it
9cfa0a5ddeb065905b1598774b057071023a8efc 2011-09-15 mitch@gimp.org mitch@gimp.org
d32fa80d1d98156a2825bf1380d24b0fd186f649 2011-09-14 alexiadeath@gmail.com alexiadeath@gmail.com
fea6d2e5b171493ec1a46a48af6661d25bcfe38e 2011-09-14 martinn@src.gnome.org martinn@src.gnome.org
27feccc4a4e405795fc9e3555226562b652d01b4 2011-09-13 mvalentini@src.gnome.org mvalentini@src.gnome.org
83e3e58ebc147bed300d82a0bd62010572e0fc34 2011-09-13 martinn@src.gnome.org martinn@src.gnome.org
2c09e339d78aa635c7f24d45cd877c796f11cd0c 2011-09-13 cwryu@debian.org cwryu@debian.org
4c7fe3b725638e6e4cd4389bb7270cfd6f2d6ccc 2011-09-13 muks@banu.com muks@banu.com
6080c111614d0dd4f42dc73ae97d7d3d640eb6ee 2011-09-13 muks@banu.com muks@banu.com
978c96bbc6d709936ff9a3a88a68d24f4d69b497 2011-09-12 muks@banu.com muks@banu.com
159ee0381d4ff7f03e0cc2a91dc42c2530d56073 2011-09-11 alexiadeath@gmail.com alexiadeath@gmail.com
79dfee2c9ea3db1f6a12246b005a3fc57fb9b40a 2011-09-11 alexiadeath@gmail.com alexiadeath@gmail.com
8beec385ee9ded19bf0134cd595d8687355428db 2011-09-11 alexiadeath@gmail.com alexiadeath@gmail.com
8f11e8743dd284087f4f74724e4c9a54fd935d7c 2011-09-11 alexiadeath@gmail.com alexiadeath@gmail.com
87e41daa2436508ca42852a26ee9c1ac8099057f 2011-09-11 ihar.hrachyshka@gmail.com 375gnu@gmail.com
840ed634615b72977379d6814ee33bf28eb57877 2011-09-11 ihar.hrachyshka@gmail.com 375gnu@gmail.com
c360c538739fb7f53178641fd1669f380e652c47 2011-09-11 alexiadeath@gmail.com alexiadeath@gmail.com
90b0e232f8608fe4558561288d0b73dbea99303c 2011-09-11 ihar.hrachyshka@gmail.com 375gnu@gmail.com
1b62a7bff3e4d9f2e141b87ef3403ac902310074 2011-09-11 alexiadeath@gmail.com alexiadeath@gmail.com
9711995d88de9d8fd4198578c5ea204f98fc6bcd 2011-09-11 alexiadeath@gmail.com alexiadeath@gmail.com
e7e6bec1d1a86bc53bd141b8a3c1d725f29d844a 2011-09-11 simos@gnome.org dmtrs32@gmail.com
2e5ee1a5a0ab8059f291debd6d090f063723b849 2011-09-11 simos@gnome.org dmtrs32@gmail.com
ad68d0300188bb635fbb38a2efc184d9559804a8 2011-09-11 simos@gnome.org dmtrs32@gmail.com
5eaf8fbd9b6fba9ea4351455f72b4916e9b75584 2011-09-11 simos@gnome.org epetoumenou@gmail.com
2528f656b52784ced94912f2ab60f8587e0ecc79 2011-09-10 alexiadeath@gmail.com alexiadeath@gmail.com
67053601d5857750934f68f1eb8a19513c14e31c 2011-09-10 jjardon@gnome.org jjardon@gnome.org
2d93e70b38174dcd09b546bee4becedc2e5788cc 2011-09-09 ted.korostiled@gmail.com ted.korostiled@gmail.com
a5c1ef119427efa01c48cb9b63d0528b497cd27d 2011-09-09 ted.korostiled@gmail.com ted.korostiled@gmail.com
56608b0f4059dd5d25b5210dfa3f0c9c1394d8b6 2011-09-09 ted.korostiled@gmail.com ted.korostiled@gmail.com
3b1e784a951fb5622fe637ea05fca8c21eb081b1 2011-09-09 martinn@src.gnome.org martinn@src.gnome.org
8b8e67ffe286d78044266fae45141b90d93855a9 2011-09-08 mvalentini@src.gnome.org mvalentini@src.gnome.org
7c127fdb0caf9d594e735f65727d2d17553f9b6c 2011-09-08 ted.korostiled@gmail.com ted.korostiled@gmail.com
172e1d7c404c2f00467c5be1aec8e6ac7a6a383d 2011-09-08 ted.korostiled@gmail.com ted.korostiled@gmail.com
ca8a98c70614737ec1ba54bf49c1410a408e4c31 2011-09-08 ted.korostiled@gmail.com ted.korostiled@gmail.com
adb8d2939c7ac0f42a7b299d85f987bfea324d10 2011-09-08 ted.korostiled@gmail.com ted.korostiled@gmail.com
6945ef477a9ef309b41787145ee2a03cd9dfc354 2011-09-08 pecisk@gmail.com rudolfs.mazurs@gmail.com
50acd95e9d718a55f2cf7d256c482a5dd725cc4a 2011-09-07 martinn@src.gnome.org martinn@src.gnome.org
7a2208d1bd597ff3dbd5ff1905908919c6b7e212 2011-09-07 ted.korostiled@gmail.com ted.korostiled@gmail.com
9f1187f6a5318a757355b69e8fdd384119313a55 2011-09-07 martinn@src.gnome.org martinn@src.gnome.org
e4204e453ac1fa9b692d4d8fa345b808d9076e10 2011-09-06 muks@banu.com muks@banu.com
4eb09f53ef1adff35d848d2458eea1bdce87fe47 2011-09-06 ted.korostiled@gmail.com ted.korostiled@gmail.com
72d916b78d20887585552590cc296f0292e268ec 2011-09-05 gforcada@gnome.org silvia@softcatala.cat
6095a9967fdb75c0800d4b03bd88e4708c37a06a 2011-09-05 mvalentini@src.gnome.org mvalentini@src.gnome.org
3e1ae37bcc10669207a1c1475a5adc34bba8856e 2011-09-04 po@danielnylander.se po@danielnylander.se
2087d42e3fb4d3ff8935b05077d3e18cf3bbdf9f 2011-09-04 po@danielnylander.se po@danielnylander.se
80555179587051424b2a0fdf00bbc4e99c3e9b5f 2011-09-03 po@danielnylander.se po@danielnylander.se
abb91bdf420dd659e230d6b47f1d5d5829b8cb06 2011-09-03 po@danielnylander.se po@danielnylander.se
172e26cee6b891ad5178a4ba58d5aa80b1ab6e6b 2011-09-03 po@danielnylander.se po@danielnylander.se
a4591aae11a0aee45e461e1ba9c5f617fe2f1f76 2011-09-03 mitch@gimp.org mitch@gimp.org
820b9ea45948cf31083f82ae91cc3c0fe8ca5daa 2011-09-02 lucian.grijincu@gmail.com lucian.grijincu@gmail.com
5f8f7e6b57ee404dac604c7b3a24eb0395168268 2011-09-02 lucian.grijincu@gmail.com lucian.grijincu@gmail.com
4a982cfec8a46f6c02e985b96ad448316d6ab893 2011-09-02 lucian.grijincu@gmail.com lucian.grijincu@gmail.com
5e192ef752e67f121c82d234f5583ffcac762cde 2011-09-02 lucian.grijincu@gmail.com lucian.grijincu@gmail.com
adb1de556fe3e607e6d0d9d4005505bc74bcbc22 2011-09-02 lucian.grijincu@gmail.com lucian.grijincu@gmail.com
82559b130faf5a1dccef674f494367c56b8cc2ab 2011-09-02 lucian.grijincu@gmail.com lucian.grijincu@gmail.com
2dd7aa584640a5851a2932d37b6318987cac8888 2011-09-02 lucian.grijincu@gmail.com lucian.grijincu@gmail.com
b32dd7cadf3d4994fd42a6234b085700c48487cd 2011-09-02 lucian.grijincu@gmail.com lucian.grijincu@gmail.com
feb537058de4334838027d37fec90c04c7ca7a13 2011-09-02 lucian.grijincu@gmail.com lucian.grijincu@gmail.com
13de1746bb043e0a3ee09a915411a032192e08ef 2011-09-02 lucian.grijincu@gmail.com lucian.grijincu@gmail.com
5f9822c3e23a2c56e89ce1615e92ec5408db8414 2011-09-02 lucian.grijincu@gmail.com lucian.grijincu@gmail.com
903bbc4edde8535cd0ee81e04d9b7146228cd230 2011-09-02 lucian.grijincu@gmail.com lucian.grijincu@gmail.com
940d334f232254d6fa93347def71f6370edacb02 2011-09-02 ted.korostiled@gmail.com ted.korostiled@gmail.com
779756bc51975c5c158d49a98b1e4142530d658f 2011-09-02 mvalentini@src.gnome.org mvalentini@src.gnome.org
351423a2ef7552908d067d2915122ea2641eaffd 2011-09-02 mitch@gimp.org mitch@gimp.org
f6d106705e79f3ecc2409f5a14ec5b0493985a2a 2011-09-02 mitch@gimp.org mitch@gimp.org
0351c13a36b01e45be65c616a6d52b28445247af 2011-09-01 mitch@gimp.org mitch@gimp.org
b40e1c44b6f0eeeab023eb12ea3d05e5bc0c4e88 2011-09-01 mitch@gimp.org mitch@gimp.org
87b38809ff4f6424d25b7440ece5afb38f81d548 2011-09-01 mateju@svn.gnome.org miles@filmsi.net
b650f89a6320050bf95bb2ae4ac812d51bc25b3e 2011-09-01 mateju@svn.gnome.org miles@filmsi.net
fdf9f9f2e675d6bda663e46ca4257bccd0349040 2011-09-01 mateju@svn.gnome.org miles@filmsi.net
