cac442c2dfd72431bd8095df241ea52e281035b8 2012-01-30 mitch@gimp.org mitch@gimp.org
0a68527edcfcb88936b05c5bf16fdb8a3c292158 2012-01-30 mitch@gimp.org mitch@gimp.org
325bce54a74749725e40139b10cff36601018805 2012-01-30 mitch@gimp.org mitch@gimp.org
79a66d36d2188a2f8553ca80f364089df460932b 2012-01-30 mitch@gimp.org mitch@gimp.org
4aa866a8b931f9d007bdc8b71ceb50c4ec031a1b 2012-01-30 mitch@gimp.org mitch@gimp.org
92693f40b6b61ee88f9de996a419baac0abe8ab2 2012-01-30 mitch@gimp.org mitch@gimp.org
dcc9eabbd5bea7298d801f5b4c8095cff1d62fe5 2012-01-29 mitch@gimp.org mitch@gimp.org
993eb1447610ceb2dc804d86a23b978818b818a6 2012-01-28 ciampix@libero.it ciampix@libero.it
cd0e8bf27f9da4fc526647c46ae0d3f0fc390bf6 2012-01-28 ciampix@libero.it ciampix@libero.it
e373cf1e52aa682158e260dab2c2668c0ff1cfa3 2012-01-28 uid0@akl.lt uid0@akl.lt
79c5960cac9304d5031f180c76b38058a9f50031 2012-01-27 ciampix@libero.it ciampix@libero.it
5454e03ef5b9520057ecb92f0c853bdfeabcf4dd 2012-01-27 ciampix@libero.it ciampix@libero.it
7eb2bbd11cfb40cdb3ff40ef55c9019ccf9d2914 2012-01-26 daniel.mustieles@gmail.com francisco.vila@hispalinux.es
cc5596c334feb74ef69c987ea9c83011c4f124d8 2012-01-26 daniel.mustieles@gmail.com francisco.vila@hispalinux.es
db97f15ad582a6af895f4ee67b6c386198e2bfa5 2012-01-25 mateju@svn.gnome.org miles@filmsi.net
58defdc380bd4b31251072af6204fad34448db79 2012-01-25 ihar.hrachyshka@gmail.com 375gnu@gmail.com
da14eca758c3c1036ca65236a772487b3228eb85 2012-01-25 daniel.mustieles@gmail.com francisco.vila@hispalinux.es
2c1a2567fe6100f079b10503fb07024a8bc7db2e 2012-01-25 daniel.mustieles@gmail.com francisco.vila@hispalinux.es
b5e6a60fbf1a32d34178510904e0e6ac128c13eb 2012-01-25 piotrdrag@gmail.com piotrdrag@gmail.com
123f499e3045d8eb4c951dab7f44bf82fc6f07dd 2012-01-24 mitch@gimp.org mitch@gimp.org
569b262e2ddb2e8cf89bd08e92eb40e3533a3741 2012-01-23 mitch@gimp.org mitch@gimp.org
761b566c4965dca613dc29a3fc6e253cc1e642c1 2012-01-23 alexiadeath@gmail.com alexiadeath@gmail.com
313430b738eb8d48546038133acb193bf8d3dfbc 2012-01-23 mitch@gimp.org mitch@gimp.org
6699ed185c96eb0c801e68d347c36d3adf1c0128 2012-01-22 mitch@gimp.org mitch@gimp.org
a77809a13bac064edeb6f1969e18fcc93411d5d5 2012-01-22 mitch@gimp.org mitch@gimp.org
e1a819d5642b2c7cc2c97f7d454d0c05653c7d48 2012-01-22 khaledhosny@eglug.org khaledhosny@eglug.org
c3c348e50bd6dab8df1020979bfabb5d1e0afaea 2012-01-22 mvalentini@src.gnome.org mvalentini@src.gnome.org
005b119f1f6fb866066b827a6d4d4946845d1264 2012-01-22 muks@banu.com muks@banu.com
ebe0bcc9014624247112ab45bfd3f2fba19f652b 2012-01-22 muks@banu.com muks@banu.com
3f7a2dc9a7bc4afb49786740e41d84ef0bcabe88 2012-01-22 muks@banu.com muks@banu.com
8746d0c51e2ae451d5fd27fdcac2da0fe0c8c0dd 2012-01-21 muks@banu.com muks@banu.com
b8e2b8b0d8c81a1967d027f71e0e4363de75e22c 2012-01-21 alexiadeath@gmail.com alexiadeath@gmail.com
b4eb72687f50bad7180731ed5c2905171098ad31 2012-01-21 muks@banu.com muks@banu.com
fa9e792b78840997f4f5fa65fcc91db4da53f7c9 2012-01-21 muks@banu.com muks@banu.com
fb0630cfe86869b440bd09bcbc874c88341caefc 2012-01-21 alexiadeath@gmail.com alexiadeath@gmail.com
06f99b7402b53cb8520963cde62b2842bad7bef6 2012-01-20 alexiadeath@gmail.com alexiadeath@gmail.com
4f04c61ed63388d6617cd9ab0db8772649783e33 2012-01-20 alexiadeath@gmail.com alexiadeath@gmail.com
4fe9955b3e828f73d48a56beafbda0e2c9fe3702 2012-01-20 alexiadeath@gmail.com alexiadeath@gmail.com
fefad7a251a9b18dc088c0eed3adbeacd757dc5d 2012-01-20 alexandre.prokoudine@gmail.com alexandre.prokoudine@gmail.com
396806596faf4a56a1f901a7c1a27fc742b6b972 2012-01-20 alexandre.prokoudine@gmail.com alexandre.prokoudine@gmail.com
ff8cda8138b88c6c0cd5edf34a3c30f84abc5979 2012-01-18 alexiadeath@gmail.com alexiadeath@gmail.com
c02170391466b74f34a76053c5e7a8afcba19e51 2012-01-18 mitch@gimp.org mitch@gimp.org
1322bed1dfa3262f8fe98001c7636aff3763389c 2012-01-17 alexiadeath@gmail.com alexiadeath@gmail.com
ccee5fd057a92eef4fdba94123ab7122866bc48b 2012-01-17 marek@manet.cz marek@manet.cz
520f1b8f00f0597c7b0b1e103974b1e5364758d1 2012-01-16 marek@manet.cz marek@manet.cz
f5931759243b89bdeddca9bc16c192edb046f267 2012-01-15 mitch@gimp.org mitch@gimp.org
c00457382e1c8ed226b26040463c0e7b355a32b3 2012-01-15 mitch@gimp.org mitch@gimp.org
8d0016023bbe066f64c119783ee1220147e70b82 2012-01-15 alexiadeath@gmail.com alexiadeath@gmail.com
1c6a1a2aec24637127869836ebb535b403573961 2012-01-15 gforcada@gnome.org lakonfrariadelavila@gmail.com
3f7ee00469466e060d231c2da32730ebfde875b2 2012-01-15 alexiadeath@gmail.com alexiadeath@gmail.com
b26216f1d3600bf596ee82c23ef273f3b60ebf4d 2012-01-14 mitch@gimp.org mitch@gimp.org
23ed56d75d89766663e78fbdeb9f8108d5aa28b5 2012-01-14 mitch@gimp.org mitch@gimp.org
e34ee392e6e98f21b48c645616f1108badc62942 2012-01-13 piotrdrag@gmail.com piotrdrag@gmail.com
af55474d5d53b32777a27f144272368e5459a333 2012-01-13 muks@banu.com muks@banu.com
aff4d24e8c171f3380540f19fcf9267db34cddaf 2012-01-13 marek@manet.cz marek@manet.cz
9f60e9a5348733c87ea1ba7413f425229099bfd8 2012-01-12 muks@banu.com muks@banu.com
addab2343b32eb3592c43da55cf535a1793da820 2012-01-12 muks@banu.com muks@banu.com
7295ae4c702a983d02eef74b317385345cb1c8d2 2012-01-12 muks@banu.com muks@banu.com
bebf9bbc683a6243927a0626cf2f2867ad96879c 2012-01-12 muks@banu.com muks@banu.com
f2b9b5eaa41d298349552156ed662429652f26fe 2012-01-12 muks@banu.com muks@banu.com
42659606d085eb4961c7fb2f2158b7b109753682 2012-01-11 khaledhosny@eglug.org khaledhosny@eglug.org
915da4517dddc040cc68a898d258d272e8ecf691 2012-01-11 martinn@src.gnome.org alexiswilhelm@gmail.com
5db85ad9e1bc09b3f477b1010d36c3afdd799d2c 2012-01-11 muks@banu.com muks@banu.com
f80892bf507ad1faf102887f71923b4c3fcab6fa 2012-01-11 muks@banu.com muks@banu.com
4ac7bcc6246703cd2ee1b1153eb8ab8373b30c33 2012-01-10 martinn@src.gnome.org martinn@src.gnome.org
40d98b79cbf661749a4d9086dee81cc0248d250a 2012-01-10 martinn@src.gnome.org martinn@src.gnome.org
6335190ff74f496c0a805ea7ad7b3f21be983d0c 2012-01-10 martinn@src.gnome.org martinn@src.gnome.org
64d2dc122a8f98d33af6e20805c4e1279cf518c0 2012-01-10 martinn@src.gnome.org martinn@src.gnome.org
7137a4d56d25ae16b344e08ed379cb7f66e0f363 2012-01-10 muhammet.k@gmail.com muhammet.k@gmail.com
72fb271e007d505be0c954a8d4095c0a482fe23e 2012-01-09 alexiadeath@gmail.com alexiadeath@gmail.com
899c35e4df457c7814da795803ee0f29d50e824a 2012-01-09 mitch@gimp.org mitch@gimp.org
fd66a38dd6cad4f8c68c8cdff657a404d1d36c11 2012-01-09 ulfehlert@svn.gnome.org ulfehlert@svn.gnome.org
3e5c0c6a748f44bd280967359cee02bfc4bdf04c 2012-01-09 gforcada@gnome.org carles.ferrando@gmail.com
f7c4567054b5bcb70abd823aa5733e38c022da9e 2012-01-09 gforcada@gnome.org carles.ferrando@gmail.com
264858aa4b156c901d97b13cc58e441fe214cbfe 2012-01-09 gforcada@gnome.org carles.ferrando@gmail.com
2d7d6e64b61a653654caaab62fdfb2e5474c07b0 2012-01-09 gforcada@gnome.org carles.ferrando@gmail.com
cca3ecc33d710df0f09c275bfe74a80d0f7154f2 2012-01-09 gforcada@gnome.org carles.ferrando@gmail.com
76be894dc8668e60dcfeb11ab5a34013e974fe53 2012-01-09 gforcada@gnome.org carles.ferrando@gmail.com
f782e5010e5444bc5a54d2e0f933c86fd48ab747 2012-01-09 gforcada@gnome.org carles.ferrando@gmail.com
e43d76077cbbabbf155e7827a2c5228ebdd534e7 2012-01-09 ciampix@libero.it ciampix@libero.it
d0878ca6e7483c3d0b89b0cee4e13b1b0557f470 2012-01-08 mateju@svn.gnome.org miles@filmsi.net
508978450db16d7799f6df36c7c7737a1532ac50 2012-01-08 mateju@svn.gnome.org miles@filmsi.net
bb797762d1fc48b8467b587dbf502c19863def26 2012-01-08 muhammet.k@gmail.com muhammet.k@gmail.com
126acfc7de82b950ea8de92797370c4ddbf3c225 2012-01-08 muks@banu.com muks@banu.com
3804f518acaa9fb6f7f70499d54d0f1eb3f89117 2012-01-08 muhammet.k@gmail.com muhammet.k@gmail.com
d2d5a3db6298a02aa0e539acab0ac718f9e4a397 2012-01-08 muks@banu.com muks@banu.com
04ac72d46fdd1ecf0f9e84a15b81b3bfe577622b 2012-01-08 marek@manet.cz marek@manet.cz
4b0a256819c3ef3222b4572363e8a5928e2425e2 2012-01-08 marek@manet.cz marek@manet.cz
791b449df2ad15c4cff508fe8af3e2c48636681b 2012-01-08 ihar.hrachyshka@gmail.com ihar.hrachyshka@gmail.com
63c0db45aeffba6dd3aa3b6819b88f45fd675194 2012-01-08 alexiadeath@gmail.com alexiadeath@gmail.com
e89b9ff72ad4caa177bb3378e3c1fd7c8c723ffa 2012-01-08 aurisc4@gmail.com aurisc4@gmail.com
9668bbb3c941612e48e39898bd345f8d3e138dff 2012-01-07 piotrdrag@gmail.com piotrdrag@gmail.com
c34239c0bb4d31ae0137ebcf878300f0e2b51c8a 2012-01-07 mitch@gimp.org mitch@gimp.org
92e86baa2db1161e409d9bf8be72068fe0008407 2012-01-07 mitch@gimp.org mitch@gimp.org
f96707dae4fff27afd2bb3ab5d3609166bafdbdf 2012-01-07 aurisc4@gmail.com aurisc4@gmail.com
b0dc61cd2674b974f666b2f9110a568892c83369 2012-01-06 marek@manet.cz marek@manet.cz
58abe5a24469d318d13ec17bc8c7b59ef30c798f 2012-01-06 marek@manet.cz marek@manet.cz
5f7b4a3bace1021308db2e09c3e00da16b6ccd3c 2012-01-06 marek@manet.cz fordfrog@fordfrog.name
93c2d30f655aa5ff2a6b31965ca160dce53fc533 2012-01-06 marek@manet.cz marek@manet.cz
404c471c2f76eacc4cfbf2916c0fa3f93105cb4f 2012-01-05 ciampix@libero.it ciampix@libero.it
c2d26d7e0396546cfc1ca2485065ce903be6a882 2012-01-04 alexiadeath@gmail.com alexiadeath@gmail.com
013de7a4f7c121aa8f7606cfafd1febc3a38337e 2012-01-04 mail2ipn@gmail.com mail2ipn@gmail.com
6feb956daa36344d957109646d7fee059f81de33 2012-01-04 mail2ipn@gmail.com mail2ipn@gmail.com
ff25a34b2f8e382a741465df317f66bfe1a97774 2012-01-03 alexiadeath@gmail.com alexiadeath@gmail.com
b6c6f66d1c15f267d53adb286d2decaabae7b6d7 2012-01-03 muhammet.k@gmail.com muhammet.k@gmail.com
755e60f02a457c9dc0904dbf86926eba7cfc03cc 2012-01-03 muhammet.k@gmail.com muhammet.k@gmail.com
518073dd7b406067d52ca003d9a8e8dbd027cdfa 2012-01-03 muhammet.k@gmail.com muhammet.k@gmail.com
3f9cb533bb37c3d3d1382ea66858fbb4ceaf4207 2012-01-03 muhammet.k@gmail.com muhammet.k@gmail.com
e106b4c079a8f71f63bb0c3aa8244070f5f30040 2012-01-03 muhammet.k@gmail.com muhammet.k@gmail.com
bd245dd0ddb9c2c914383859489a419c1682e746 2012-01-02 ihar.hrachyshka@gmail.com 375gnu@gmail.com
6c84bc06380f6d34e4d731de3f2227491e67e6e7 2012-01-01 aurisc4@gmail.com aurisc4@gmail.com
c951a799f98728a87c73799277e39004c35a77b7 2012-01-01 aurisc4@gmail.com aurisc4@gmail.com
