f7990128b0e9a79683b71e711e3b91117bd117e7 2012-09-29 rudolfsm@src.gnome.org rudolfsm@src.gnome.org
a6c404d231123b1548027c80e378d4fbde55cca0 2012-09-29 rudolfsm@src.gnome.org rudolfsm@src.gnome.org
1725c6c86594dbf10859452331efb9aab5da1e30 2012-09-28 mitch@gimp.org mitch@gimp.org
c9e788c39d82406d85518477e64ac2b809d91f17 2012-09-27 mitch@gimp.org mitch@gimp.org
6b1ba65c00b9289c8c52c1d57bd91373df0a89d1 2012-09-27 mateju@svn.gnome.org miles@filmsi.net
3843cb92c5f802fb6676fcafca70b2e38986950d 2012-09-27 mateju@svn.gnome.org miles@filmsi.net
2f1812b1ad2e9b8f31bee74aaa2b61a983fe5b0c 2012-09-27 mateju@svn.gnome.org miles@filmsi.net
027c744227a4b12b32a11cddc41e7bdc41641637 2012-09-26 mitch@gimp.org mitch@gimp.org
2a30a2bb749d02cc25bc8358064f5c7bfed3f8ca 2012-09-26 mitch@gimp.org mitch@gimp.org
b88f1b04ddcc38a8454e10175177e00c307f97bb 2012-09-26 mitch@gimp.org rsaxvc@gmail.com
957a4ba2f6c8fafa8f25574987c6661c8d84a140 2012-09-26 mitch@gimp.org mitch@gimp.org
0bd7875e5b61f3904db9de576b17539141d728f5 2012-09-26 timo.jyrinki@iki.fi timo.jyrinki@iki.fi
f88960bd06444fc757409c48504acb0b1bd083e1 2012-09-26 timo.jyrinki@iki.fi timo.jyrinki@iki.fi
1a819c9a1afb72a2829cfc8ba708fee02ef7433b 2012-09-26 mateju@svn.gnome.org miles@filmsi.net
3cb7f05e73b44f167b3faed8e449c6f382cb0dca 2012-09-25 s.neumann@raumfeld.com s.neumann@raumfeld.com
5745a4fae21d36ac13c12b80b563c5421599adda 2012-09-25 mitch@gimp.org mitch@gimp.org
3084c8be7a7a271611dbd796de721172448dd5f8 2012-09-25 mitch@gimp.org mitch@gimp.org
9d42df5fa2d2ce598c5896cb0f023a5db65c7f2a 2012-09-25 mitch@gimp.org mitch@gimp.org
e8b24abbf732698443364e697107a25659999c36 2012-09-25 mitch@gimp.org mitch@gimp.org
5b86b55e2adef918d763343d5b20b74c3ae21b44 2012-09-24 mitch@gimp.org mitch@gimp.org
ca5391f42f3ae9ba38b34f2fecf44619feb27033 2012-09-24 sven@gimp.org sven@gimp.org
4942105604f58cdbe0e65b3b5d7497c59119c7da 2012-09-24 andika@gmail.com andika@gmail.com
d73e50c4061947c0682d82f2cbd91fef88e668a2 2012-09-24 andika@gmail.com andika@gmail.com
0f1a92f0308745d89295e3d5300736f73da88aab 2012-09-24 andika@gmail.com andika@gmail.com
2e6e4b8b09be919a8236dc453ccd6e66e359f9e1 2012-09-24 andika@gmail.com andika@gmail.com
8fb049c422afefcee334aebdb6ed7322318a3e3d 2012-09-24 andika@gmail.com andika@gmail.com
ecafa72b96b6e9c8bbca44ba6c2b4f5a5ba510f6 2012-09-24 andika@gmail.com andika@gmail.com
0ca03e88275a50e2fa3be3a2a2dce1d6107831fc 2012-09-23 mitch@gimp.org mitch@gimp.org
192ddf18e763adb3331e7ce9fbf1c645ae804565 2012-09-23 piotrdrag@gmail.com piotrdrag@gmail.com
fc443a3514d119b84d3af6a30828a310cd06a705 2012-09-23 mateju@svn.gnome.org miles@filmsi.net
41b8d80c22c12f975ba31a6e13cb59092d6ee7a1 2012-09-23 mateju@svn.gnome.org miles@filmsi.net
a5953020ad890a7df65bbbabf5be9d842818d7c9 2012-09-23 mitch@gimp.org mitch@gimp.org
aa0a24164cf3131ab2db683d9b5bd505693baa01 2012-09-22 mitch@gimp.org mitch@gimp.org
6452a9512508c41df99201c5240080ab3d98b47a 2012-09-22 mitch@gimp.org mitch@gimp.org
796a9474d8e10cca53162a6df196636cfbf89e2a 2012-09-22 mitch@gimp.org mitch@gimp.org
c91702917e629336c59d7f2bb9beb016d3459ae4 2012-09-22 mitch@gimp.org mitch@gimp.org
784a98d170f3f4eac5dffd6a415a2800b03cda82 2012-09-22 mitch@gimp.org mitch@gimp.org
20094807c89ad325bfb6c87aa2531a30a448fb40 2012-09-22 pippin@gimp.org pippin@gimp.org
594b4bcdefc3eada317600af2e48245c4372fd56 2012-09-22 pippin@gimp.org pippin@gimp.org
025f0b03256d1489f46516a7df324f09d593c038 2012-09-22 mitch@gimp.org mitch@gimp.org
3682006dfd11591866108225d7dc097d610fe37f 2012-09-22 mitch@gimp.org mitch@gimp.org
303e554ab1ccf8b4e22e5f954b9df0ab2baa44c4 2012-09-22 mitch@gimp.org mitch@gimp.org
c1811d6bdfa990026c80052cc63a34d508b1ca69 2012-09-22 mitch@gimp.org mitch@gimp.org
07107fe214feaebf42dfa129fa3681c1e7b9bfd8 2012-09-22 mitch@gimp.org mitch@gimp.org
cc817670ed24de96a0fd7caa78fd5faa86be6c0b 2012-09-21 mitch@gimp.org mitch@gimp.org
c1ed52275d53735e9bc3054edde3959312390688 2012-09-21 mitch@gimp.org drc@gimp.org
9fe4e5fad9d900e04ed28de78a694da5b92110d1 2012-09-21 drc@gimp.org drc@gimp.org
244b3766bdb2e890b15d0dcd8e4eadb30256a75e 2012-09-21 mitch@gimp.org mitch@gimp.org
b38d44220f2eb47a2e2e7584850a99874242961b 2012-09-21 muks@banu.com muks@banu.com
2af0e143706128842cae71850f3aa2a3cd418bf7 2012-09-21 muks@banu.com muks@banu.com
800f967930e360e86cbb15b6c4d1ae36443ac9c8 2012-09-21 muks@banu.com muks@banu.com
b100b14111725bf9ad7a48db096ae4ad65a81bc5 2012-09-21 muks@banu.com muks@banu.com
eb2f638e7dc14291a0d8cecba6ee959251261009 2012-09-21 mitch@gimp.org mitch@gimp.org
cd0143c350f1df57a4f4797fe5040707d860955d 2012-09-21 mitch@gimp.org mitch@gimp.org
0d879c2aae651e13e6d2dd0ea51aba172d91cbdc 2012-09-21 mitch@gimp.org mitch@gimp.org
7597b83bd8cb10c57986692098347dd285862c3e 2012-09-21 mitch@gimp.org mitch@gimp.org
da795c12678e1d41ff52aafd20368365d9336ca5 2012-09-20 mikachu@src.gnome.org mikachu@src.gnome.org
a0221bc5602d6b749f78f62768cd6cee3999678d 2012-09-19 mvalentini@src.gnome.org mvalentini@src.gnome.org
e8937b2f51ca83c1f16f2877af44cd9c140b8711 2012-09-19 mitch@gimp.org mitch@gimp.org
930832d542c9299a6807b22c338568185a2260d1 2012-09-19 mitch@gimp.org mitch@gimp.org
52af6e3f3f67d37aa72d06a5f60b1a3967d6c297 2012-09-18 mitch@gimp.org mitch@gimp.org
fd53a33de9f3829bb5833390a7b15eb693caccaf 2012-09-17 mitch@gimp.org mitch@gimp.org
809521557a38a06ff03f050e0f4314deded738a2 2012-09-17 mitch@gimp.org mitch@gimp.org
59418b8a21cb02379b3a3c77b6630aa5aa708858 2012-09-15 mitch@gimp.org mitch@gimp.org
654af22c0f7e5421e6f00b7e6b0e7ec1737d2339 2012-09-15 mitch@gimp.org mitch@gimp.org
3e2fe0afe983385dd4fca9a726c3cb2e5da22462 2012-09-15 cwryu@debian.org darkcircle.0426@gmail.com
c3eda35f106c3e34687625710c987d6cc8db0f54 2012-09-15 cwryu@debian.org darkcircle.0426@gmail.com
e84d04d22904604a1ea5d1ff7ebf603fc96b3b4b 2012-09-15 mitch@gimp.org mitch@gimp.org
61aa1ea510db093ab6165272c122af7e896d1bd7 2012-09-14 mitch@gimp.org mitch@gimp.org
9b927ba0cd404d6adfba483d3ff7c416b32df201 2012-09-14 mitch@gimp.org mitch@gimp.org
16f46dd0d449c845138de1eaf666acfccdb10d75 2012-09-13 mitch@gimp.org mitch@gimp.org
b26430db19f80847f3c1d651e2ba951fd4d8e8e0 2012-09-13 mitch@gimp.org mitch@gimp.org
991d42c85ea94054a6979f853efba187c75e7612 2012-09-11 mitch@gimp.org mitch@gimp.org
2c3a046d832e245aed8883424d0951b006ffc7e6 2012-09-11 mitch@gimp.org mitch@gimp.org
2eea4eb640e21f53cda10bcaa789442b68e50198 2012-09-11 bruce@bcowan.me.uk cjl@laptop.org
a2e037fb00ff5807e8c125660caa211f39ceb3ef 2012-09-10 kcozens@svn.gnome.org kcozens@svn.gnome.org
844fc444b59a41495973faabdcd7ede400e3fc55 2012-09-10 mateju@svn.gnome.org miles@filmsi.net
c56cf23c82076b18ad90437e9cd4e6b152de721e 2012-09-10 j_h_liau@yahoo.com.tw taijuin@gmail.com
f628dcf49f8e41ff348f7ac1119d2e334c07b068 2012-09-10 ciampix@libero.it ciampix@libero.it
1fb9246ccf5aa2291f6cd40c948c706dda814015 2012-09-10 ciampix@libero.it ciampix@libero.it
5ab02157944e88f97e90bc14cbb19d50d5ddb46a 2012-09-09 mitch@gimp.org mitch@gimp.org
205645b1636c4a554bde8c07e15aae2458b99b44 2012-09-09 mitch@gimp.org mitch@gimp.org
6d8bfb944879b63d51f9f2dab18e0f4f44061913 2012-09-09 cwryu@debian.org darkcircle.0426@gmail.com
bae709d0a95d62bfc314351e4c68a7e7b542d859 2012-09-09 cwryu@debian.org darkcircle.0426@gmail.com
603ae6334b53a64d4c7d69969b0e76472c34fafd 2012-09-09 mitch@gimp.org mitch@gimp.org
aecef113abd1010bcef2e5d3c7a8d8271a64525f 2012-09-09 mitch@gimp.org mitch@gimp.org
055a52e96917e3a27490bc41989f0042fadd04cd 2012-09-08 mitch@gimp.org mitch@gimp.org
d4ebc9562d7696fb0e7efa004ca1e65c18d7236d 2012-09-08 mitch@gimp.org mitch@gimp.org
4db6a970ded1eeb5d8de39eb2eab3d008e9370b0 2012-09-08 mitch@gimp.org mitch@gimp.org
f3a4200e7287971f700194d596efd3eaeae36b72 2012-09-07 mitch@gimp.org mitch@gimp.org
e546f2b43bbe77901516c780428bda40f5af26ba 2012-09-06 mitch@gimp.org mitch@gimp.org
9c7d65e16b142979f6370c6bb7b70759b953fb29 2012-09-06 nils@redhat.com nils@redhat.com
f0dae90f23c9e82d4bf1cab01f820f37627ba23e 2012-09-06 nils@redhat.com nils@redhat.com
96ce2c936dd2fb8cfbfcbadf95d667b7d6d47ca2 2012-09-06 nils@redhat.com nils@redhat.com
1981cb9a82b917d7d4163e662b5547029fcbda4f 2012-09-06 muks@banu.com muks@banu.com
24139cf4532c13c5e9b87c4809a98a74b779be0d 2012-09-06 muks@banu.com muks@banu.com
b3d0ec400e5f65a62b34525e61015a29098d3a6c 2012-09-06 muks@banu.com muks@banu.com
dde1ed4d3c0af4c48f08d61120cbca11e20b8065 2012-09-06 muks@banu.com muks@banu.com
029d9ab9a5c36dfa4c03f934e1a9e2fc3de2ce51 2012-09-05 mitch@gimp.org mitch@gimp.org
a366fd76e53ae7a544a46a2cc6ed3e2d031682c8 2012-09-05 mitch@gimp.org mitch@gimp.org
d7588ba45c8ac1f431c8f7df8b72afd7273b94a3 2012-09-05 mitch@gimp.org mitch@gimp.org
e2915eba7c3bc5761747a46b1e15550d30fe19fa 2012-09-05 mitch@gimp.org spk121@yahoo.com
dc00fb57a0e50a9231515aa473bccc1e449aed10 2012-09-05 mitch@gimp.org spk121@yahoo.com
06342f26c975150f1892f810680adb2f5425dec4 2012-09-05 bruce@bcowan.me.uk bruce@bcowan.me.uk
e2059dde74878d303a140aa0236a53c3b754d3bc 2012-09-05 mitch@gimp.org mitch@gimp.org
9ab3abc98b76c47132dc06dc44514a3be63468d4 2012-09-05 mitch@gimp.org mitch@gimp.org
0e2bce2b82eec153244aa874a1648f73be11798e 2012-09-05 mitch@gimp.org mitch@gimp.org
c7b9728cc8b9c5af28ac04e021246ab23d8f1eba 2012-09-05 mitch@gimp.org mitch@gimp.org
20449b1176be614fcb5b78ccf0a4f2e86273a77e 2012-09-05 j_h_liau@yahoo.com.tw taijuin@gmail.com
c59ab4d817730430b4b037de07abd28281f1dcf7 2012-09-04 mvalentini@src.gnome.org mvalentini@src.gnome.org
8bbfc9e5cf4728b9cafc4edf32ab52c32375f9b7 2012-09-03 mitch@gimp.org mitch@gimp.org
2fb04eaeea273ac7a9c677fd988beae6ca06c782 2012-09-03 daniel.mustieles@gmail.com daniel.mustieles@gmail.com
b8cd7348ccf6913dea1c06894d90ec84d50b79ec 2012-09-03 mitch@gimp.org mitch@gimp.org
b955205676eb17a4541edd1d4662443b4071801f 2012-09-03 mitch@gimp.org mitch@gimp.org
39475b17fba9c616c9382a2f3c5112844932286a 2012-09-03 piotrdrag@gmail.com piotrdrag@gmail.com
2b5edbabd2f71a324206e6a6a172e28040b4ee7c 2012-09-03 piotrdrag@gmail.com piotrdrag@gmail.com
b142ec6a358d0bd2aad6b987079d4b517d11fae3 2012-09-02 mitch@gimp.org mitch@gimp.org
14f6d5ee443eb5c3d28ed980d1307fd5e07e1c52 2012-09-02 mitch@gimp.org mitch@gimp.org
ed94e55be9338f9ac5515e99fcf6bc08e47c879f 2012-09-02 mitch@gimp.org mitch@gimp.org
e49a5db5b4788c3e9b8d41eeb3a8e662426132d1 2012-09-02 mitch@gimp.org mitch@gimp.org
b003f63b7230c3d0815f4bfecafc1deac50e4d78 2012-09-02 mitch@gimp.org mitch@gimp.org
12f02865368467349cb0fef0127d22b822495e8e 2012-09-02 Christian.Kirbach@googlemail.com Christian.Kirbach@googlemail.com
8723a49401051c16098843fc60d0ae3e9888b8d5 2012-09-02 Christian.Kirbach@googlemail.com Christian.Kirbach@googlemail.com
a525c90a794f0a66e681f4a33ba0d3671fd281c6 2012-09-02 Christian.Kirbach@googlemail.com Christian.Kirbach@googlemail.com
310e07465b435487c6eba88ce446faaf31ba58db 2012-09-02 muks@banu.com muks@banu.com
ccaf6c6a75844807b8e5fbc20676732f5000b11c 2012-09-02 muks@banu.com muks@banu.com
fc4a192f23bb44a59e199118c8c8a7d3027d6fd1 2012-09-02 muks@banu.com muks@banu.com
