abbe2ecba9033c95615296cd92f8795ba9f82e37 2013-04-30 mitch@gimp.org mitch@gimp.org
3e132ba18a2f6c8da01a22f46549ea7ecbd913c2 2013-04-29 mitch@gimp.org mitch@gimp.org
c7879266d455295782883f938a205fc160dd8adf 2013-04-29 mitch@gimp.org mitch@gimp.org
e083b6790d789b4081624ea2bf564e4c32716320 2013-04-29 jehan@girinstud.io jehan@girinstud.io
202c8ed76283a8550dd0c1c15caae6049b1aa07a 2013-04-29 jehan@girinstud.io jehan@girinstud.io
64fe3af1a913bb61953b6faf727f3cf9700167b7 2013-04-29 jehan@girinstud.io jehan@girinstud.io
77d1b49edc48a2c9043bc1d812d21dd51f36bcc8 2013-04-28 mitch@gimp.org mitch@gimp.org
6e332505ca94a38cfad7633fa4340e2f5b1ed990 2013-04-28 alexiadeath@gmail.com alexiadeath@gmail.com
e1645fe427cbe86522041ec31076392fca3436a0 2013-04-28 mitch@gimp.org mitch@gimp.org
87584d2f82f3c43db687846fa89f59c862905918 2013-04-28 mitch@gimp.org mitch@gimp.org
f6ec4f4af22f4a178198aad856ad79b460ee69e3 2013-04-28 mitch@gimp.org mitch@gimp.org
77e70f3550464df79eedf8ac5b68e69933a3556f 2013-04-28 mitch@gimp.org mitch@gimp.org
4d56fbc16b0a1a748c05aa7cca2aa6b80b0a4b92 2013-04-28 rafael.f.f1@gmail.com rafael.f.f1@gmail.com
e19c7eb36cd6bbd70e9add85fa45381150d443d6 2013-04-28 mitch@gimp.org mitch@gimp.org
9c93df2d4b3603866876a35a5c4f7862586baec6 2013-04-27 mitch@gimp.org mitch@gimp.org
eafcc4801c0d1137a9d099e852c971bca03dfda4 2013-04-27 mitch@gimp.org mitch@gimp.org
244439f35e73007ed7bb1a707adc42bde3bd0b07 2013-04-27 mitch@gimp.org mitch@gimp.org
9de6e41abb1c2a918446a64edda94dc9d33daa1a 2013-04-26 mitch@gimp.org mitch@gimp.org
5322d6a5449ded9e387adecf87974b320ab9f37f 2013-04-26 mitch@gimp.org mitch@gimp.org
915b0f3eec3ff70db504a46fef37355cee24f384 2013-04-26 mitch@gimp.org mitch@gimp.org
2a0472b57e4258c13af838ebf074232d3b43d055 2013-04-26 mitch@gimp.org mitch@gimp.org
24d150f537e7d4d5613219d73a88f3fe4d6cca3f 2013-04-25 mitch@gimp.org mitch@gimp.org
595f52bf09b8cd169480a500f9617302888aa868 2013-04-25 mitch@gimp.org mitch@gimp.org
8230e948a851385602f5e3ead64745b2c1c31a99 2013-04-25 mitch@gimp.org mitch@gimp.org
9e1dee9ceb3c67b7b2138ba8992b436de84d537b 2013-04-25 mitch@gimp.org mitch@gimp.org
325d7541c771419cdd37f54838079a53ecdd9cc7 2013-04-25 mitch@gimp.org mitch@gimp.org
62c5a737fd53457c85a4c4bd7acee06638138671 2013-04-25 mitch@gimp.org mitch@gimp.org
36853815f99baac2a18837222cd59e8e9b879bf5 2013-04-25 muks@banu.com muks@banu.com
89081075f34a646c0a65ae3615bc4fc420c82dd7 2013-04-25 mitch@gimp.org mitch@gimp.org
5d0450e4ea1b78e1591b1bafed8fb8ff505abe73 2013-04-25 mitch@gimp.org mitch@gimp.org
37d589335faa178b6027f5bbf53b773d2aaa00d8 2013-04-25 mitch@gimp.org mitch@gimp.org
3bc112bd0796061e463617ccaff44618d850880f 2013-04-24 scl.gplus@gmail.com sclaussner@src.gnome.org
54b28a5b6015cc54793695035ff2a0112b76de5b 2013-04-24 scl.gplus@gmail.com scl.gplus@gmail.com
03637b0ff98bc06aca5845935c4f56472420b7ec 2013-04-24 rafael.f.f1@gmail.com rafael.f.f1@gmail.com
15c79a22ca5cca32c51cd07202bcf3876289ba71 2013-04-24 rafael.f.f1@gmail.com liverig@gmail.com
ab168fa2790ad658b059edad95c0414a6b7d727b 2013-04-24 rafael.f.f1@gmail.com liverig@gmail.com
aea94211b1fea52ee469ffc0a8d80b324c834e60 2013-04-24 mitch@gimp.org mitch@gimp.org
c3c4287bdf730a387ec1b335de09c2b4dffcf01d 2013-04-23 mitch@gimp.org pengvado@akuvian.org
9069bd8d79248b9fa778dcc5149d99aff1b914ad 2013-04-23 mitch@gimp.org mitch@gimp.org
4cd97c8cf7fdd9b637edde64a535d4e646e2bc86 2013-04-23 mitch@gimp.org mitch@gimp.org
bacc9c9635776c00ac5603d6d56387073e8a933d 2013-04-23 mitch@gimp.org mitch@gimp.org
076f375e78886ed3bdf253fec43378e19f1a1c41 2013-04-23 mitch@gimp.org mitch@gimp.org
900cc4108bfa0953bc0c5c2600ae154a0ab593b7 2013-04-23 mikachu@src.gnome.org mikachu@src.gnome.org
8cc53bbbdff4d5c1badf22d70bd66fe73980ad6e 2013-04-23 mikachu@src.gnome.org mikachu@src.gnome.org
fba2b610c5f908bdb204230506e429cf83255e42 2013-04-23 simon@budig.de simon@budig.de
a4d8ce6d11116aea9cb388ffbf16b581a9343709 2013-04-22 mitch@gimp.org mitch@gimp.org
a93eaa9122bc884ac52e359cab772ee580c32972 2013-04-22 mitch@gimp.org mitch@gimp.org
190fc5bec24842008914e9f1114533e930aa8848 2013-04-22 mitch@gimp.org mitch@gimp.org
457299f1994820ee666dfea6952e9ed61e690350 2013-04-22 mitch@gimp.org mitch@gimp.org
cdffff7091a0e143fd785a6005470fab49dd8324 2013-04-22 mitch@gimp.org mitch@gimp.org
72a32dd79f9070eac0ca6166dd08f505a85e6a77 2013-04-22 mitch@gimp.org mitch@gimp.org
c20838fa263d0b53f23fc96a9ebf97c145fb6186 2013-04-22 mitch@gimp.org mitch@gimp.org
a80795e222e6a7c0610268a526ecd01a3e687edc 2013-04-22 mitch@gimp.org mitch@gimp.org
380437e65e5a43ffc916706fd7711e09da5d4ee0 2013-04-21 mitch@gimp.org mitch@gimp.org
3f51850dc45b3a04c834ef4ebd12c826b143898d 2013-04-21 mitch@gimp.org pengvado@akuvian.org
0909a30b06f4cf856792a27fecc606e674b72716 2013-04-21 mvalentini@src.gnome.org mvalentini@src.gnome.org
019eb591116740b0a4587f0cac4daf24c8b1cb58 2013-04-21 mitch@gimp.org mitch@gimp.org
3643551280887251cd20702275398f7b3169a309 2013-04-21 mitch@gimp.org mitch@gimp.org
65800af41d1bfb8e3fae8eb6bde7316c16fb6ab4 2013-04-21 mvalentini@src.gnome.org mvalentini@src.gnome.org
ca520161166fd9f11465eb8c86c46ffb01ba8856 2013-04-21 mvalentini@src.gnome.org mvalentini@src.gnome.org
839734463a96392ad1e2ce26c9c29a8d2fdf1b6e 2013-04-21 mitch@gimp.org mitch@gimp.org
804313bbecf92e099952ef0b9e12824d57100ccd 2013-04-21 mitch@gimp.org mitch@gimp.org
4055ccbe9cb3053c2c8bedabaa31df982fa1b752 2013-04-20 drawoc@darkrefraction.com drawoc@darkrefraction.com
3972da5256dbc2005dcea1507743b9536f742cd7 2013-04-21 mitch@gimp.org mitch@gimp.org
b4a2cf9432496f511573c0eabc5b2d43674966cf 2013-04-21 mitch@gimp.org mitch@gimp.org
ca9a9fb498c8ef9c5c08083bb694bc4e6ae8e4df 2013-04-21 mitch@gimp.org mitch@gimp.org
81e293cb0620a096dc7274480e78d3d1e17003c4 2013-04-21 mitch@gimp.org mitch@gimp.org
ee2e5fb51791d71bd966536f549b0818ba8190da 2013-04-21 mitch@gimp.org mitch@gimp.org
2368763ddfc0aaddd50c026d3c45633021258a93 2013-04-21 jehan@girinstud.io jehan@girinstud.io
5c38715cce591c80409dd20d037ef28b1a06fcfc 2013-04-21 jehan@girinstud.io jehan@girinstud.io
4c341ff67eecdcacc22c31c93047f7d0e706d831 2013-04-21 jehan@girinstud.io jehan@girinstud.io
2bfae573adab409d59f3b4d354f31c185f94ba21 2013-04-21 jehan@girinstud.io jehan@girinstud.io
efe43200741b017e6624e397c4bb79e23e72c4ff 2013-04-21 jehan@girinstud.io jehan@girinstud.io
e42ff36dff6919fe8620608ee8b493e25d4ebf4e 2013-04-21 jehan@girinstud.io jehan@girinstud.io
b0a081bc91e1a2d3c88b872903e347a682aa4713 2013-04-21 jehan@girinstud.io jehan@girinstud.io
47f4bd55085344523e290b88644226e259519e06 2013-04-20 mitch@gimp.org mitch@gimp.org
e98013af34980a0625c2a2dcdac5a751b572fbda 2013-04-20 mitch@gimp.org mitch@gimp.org
977a1949236119fb429eca92170dde762210be5a 2013-04-20 mitch@gimp.org mitch@gimp.org
1a755b2dbe41a39d99e91ef5abc234d86c0d57c3 2013-04-20 mitch@gimp.org mitch@gimp.org
855fa3aa4ad7496ed9f818cb4b0006252b095c39 2013-04-20 mitch@gimp.org mitch@gimp.org
296284fe38fa181c2241a85bf951bfeee0956eb8 2013-04-20 mitch@gimp.org mitch@gimp.org
3a75ec328374d4cdad5f20e937fdbb11272401ea 2013-04-20 mitch@gimp.org mitch@gimp.org
f1b5012f23ffface3b7adae08f4b278e869542c2 2013-04-20 mitch@gimp.org mitch@gimp.org
b3a9a6a3e39567cd801b92bca5dfae5a37eb4193 2013-04-20 mitch@gimp.org mitch@gimp.org
f45e7c26bebd563d9cae53914b2454263875e6e6 2013-04-20 mitch@gimp.org mitch@gimp.org
057ec9ac4aa003a97d8a3d9f8f21150c915b9cac 2013-04-20 mitch@gimp.org mitch@gimp.org
6b8426874d962074dd04e9e0b407ee22f6afd011 2013-04-20 mitch@gimp.org mitch@gimp.org
9785c4e1a3685f74f9d8963f84dca0b4a48e23d2 2013-04-19 mitch@gimp.org mitch@gimp.org
89bf66d4717e2a9c4b5f38d15c4648430a1b0800 2013-04-19 mitch@gimp.org mitch@gimp.org
4279023bc61d4bc23cb0daf13a08b9115104e551 2013-04-18 mitch@gimp.org mitch@gimp.org
c3b53b8b66d01fa4dcb82b48b8bb25b4b89dde2f 2013-04-18 mitch@gimp.org mitch@gimp.org
afddcce4e5a05250286da85af0db3cc3b11daf1c 2013-04-18 mitch@gimp.org mitch@gimp.org
0add37a6cc68dac431884715a812d9b24bcac273 2013-04-18 mitch@gimp.org mitch@gimp.org
59c7d4253054a680ae1c87bec0139f8a7caca4db 2013-04-18 mitch@gimp.org mitch@gimp.org
52b92e740fea58154f8f93ad520c272b81573be6 2013-04-18 mitch@gimp.org mitch@gimp.org
64c929a1d192e1d029363697abd3b296bc240451 2013-04-18 mitch@gimp.org mitch@gimp.org
dc514dd9674bb8e9cc097ce9c67b3a52a81f24d8 2013-04-18 mitch@gimp.org mitch@gimp.org
65a2d2be31cbad332033bed8d63bcfccceb8e0ae 2013-04-18 mitch@gimp.org mitch@gimp.org
fd6c5dd5769d34a5cb167c4f6e45a28c84cb41c8 2013-04-18 mitch@gimp.org mitch@gimp.org
810bb1894941e07fccade0bd90d9bf3b0dd2a092 2013-04-18 mitch@gimp.org mitch@gimp.org
e3557ac3a5a3a0683d3a95bf641e7dffbae621c0 2013-04-17 mitch@gimp.org mitch@gimp.org
e2bcad3cfdc3ffe1717f56037def739bc8b6280e 2013-04-17 mitch@gimp.org mitch@gimp.org
bba89aa87d15302c5dc5f14a6eec4072a6397d81 2013-04-17 mitch@gimp.org mitch@gimp.org
b71ffeca6082712620418bf34887eb386c8bc295 2013-04-16 mitch@gimp.org mitch@gimp.org
9bb4c3d4841b9704b68d158edf5995ef59cb620b 2013-04-16 mitch@gimp.org mitch@gimp.org
9994a4d5140e9072944b7f0512ab82eaf7a50a49 2013-04-16 mitch@gimp.org mitch@gimp.org
d26863225b3ce6af4ac8954a916cee4c72e0fadc 2013-04-16 mitch@gimp.org mitch@gimp.org
e3b2a54da76bbf85f7ba82219ab2aadc49c51766 2013-04-16 mitch@gimp.org mitch@gimp.org
9504e85a7e15da90d8e1ea46c7dfa06fbee3e874 2013-04-16 mitch@gimp.org mitch@gimp.org
972b6ef78fd20fb34bfe75c51c4ba0ac970d2267 2013-04-16 mitch@gimp.org mitch@gimp.org
2538d6fea70e8ab5f180b39e53b7dcfcd0bf658f 2013-04-16 mitch@gimp.org mitch@gimp.org
37757e4e8dff76715a99394380c8809c5c3f0970 2013-04-16 nils@redhat.com nils@redhat.com
b109e0580650b4b49b6f00b15fec4bcd330fb045 2013-04-16 nils@redhat.com nils@redhat.com
8bfb1769b76b9762cc1289a67c11fe0c84975588 2013-04-15 mitch@gimp.org mitch@gimp.org
07a220ee9ec723b7ecc86aafbc5526878617b944 2013-04-14 mitch@gimp.org mitch@gimp.org
69a321ac29eebcc64399c64c2f2e28ad412079b0 2013-04-14 mitch@gimp.org mitch@gimp.org
0703a5889c60b1db3e173ca6ec8e802e629c1c13 2013-04-14 kevin@ve3syb.ca kevin@ve3syb.ca
c828ac3de2a5f74c0d9c459a47d4b4d62dab3286 2013-04-14 kevin@ve3syb.ca kevin@ve3syb.ca
3a6ae1fe7393abbe652118753bf0aa4d6574298d 2013-04-14 kevin@ve3syb.ca kevin@ve3syb.ca
1235013177abd9aac4a76206979c3b50312242f1 2013-04-12 mitch@gimp.org mitch@gimp.org
d1ab98e1c6f6a36f805ef8e30131a978720bdb97 2013-04-12 mitch@gimp.org mitch@gimp.org
38e983c72482ccef2fbe8b5bc1390858a3878555 2013-04-12 mitch@gimp.org mitch@gimp.org
05e6f6d84882102daeabfb6b6a81d3cdabde14c1 2013-04-12 mitch@gimp.org mitch@gimp.org
39ab59e032dbd80f063708234ce94aea13d55449 2013-04-12 mitch@gimp.org mitch@gimp.org
b16f75b8aff4fba8474574ad07e2cfe6fd8de66a 2013-04-12 mitch@gimp.org mitch@gimp.org
538e3813be05fe9d77774b165ba0226499c8291e 2013-04-12 mitch@gimp.org mitch@gimp.org
1e17f0aed17aa7e40457445afdb34b1c031e606d 2013-04-12 mitch@gimp.org mitch@gimp.org
670fa2d6706037bb302a1e2d448a1e6dcffd0e77 2013-04-12 mitch@gimp.org mitch@gimp.org
dc964956e715fc42e1e9806f69058dad49829832 2013-04-12 mitch@gimp.org mitch@gimp.org
a1ddd7dfda8042173f4ff4598ae007755478a7ae 2013-04-12 mitch@gimp.org mitch@gimp.org
85fef12865fce8b5c45df0079db9388a4b78be17 2013-04-12 mitch@gimp.org mitch@gimp.org
f3308e6ba3c6379075d7ea5938578c07a22db739 2013-04-11 mitch@gimp.org mitch@gimp.org
7c96952bd4f8f894e80e483ecbaf3ad8f6d5ddfe 2013-04-11 mitch@gimp.org mitch@gimp.org
a203a270df1b5796c477986a88400e56208ce616 2013-04-11 mitch@gimp.org mitch@gimp.org
e768d4fa8d7de607ead79ed3390b7b884452bbcc 2013-04-11 muks@banu.com muks@banu.com
0e0ed6e1ef5e6339bb696b071c235bb1a6928a6e 2013-04-11 muks@banu.com muks@banu.com
fc2ec837238784aff2cb105c4094f52c9abccc00 2013-04-11 mitch@gimp.org mitch@gimp.org
e7babfed2e8ac1a0cf9759f90bad30a4d638116b 2013-04-11 mitch@gimp.org mitch@gimp.org
51d28340f3b8d84b01ed9a20405fb836f448d59d 2013-04-11 mitch@gimp.org mitch@gimp.org
aa56bcd284b0a41c7f05f4bad00c3eacfb6ff4b2 2013-04-11 mitch@gimp.org mitch@gimp.org
d4c3d35bd8d975c5f3f0f91a34e267812c982386 2013-04-11 mitch@gimp.org mitch@gimp.org
4ca746eab7da113ec2f2c748660746f0096100cd 2013-04-11 mitch@gimp.org mitch@gimp.org
45a6ea432cdef36b0c3cc0cd1309544ce3b62d6d 2013-04-11 mitch@gimp.org mitch@gimp.org
f84ed04ee511f8662652ac5493dcb93568761858 2013-04-11 mitch@gimp.org mitch@gimp.org
03dfb95f13884137a3b9379c6f84c68cebda166e 2013-04-11 muks@banu.com muks@banu.com
95a9172bd5aa96f9b3e07091156c38f7d0fb6617 2013-04-11 muks@banu.com martin@NetBSD.ORG
db95e20b0bc09aa81e8c8c706a0a6ca8e4d38824 2013-04-11 muks@banu.com muks@banu.com
bc8a6123c7278a14ea2b6f40b8aa640adb790da0 2013-04-11 muks@banu.com martin@NetBSD.ORG
3aaa69642e218cb495a2cc6691368a901df26e18 2013-04-10 mitch@gimp.org mitch@gimp.org
754e4eb91946ebb70ff1f6e81e8e7a694d81573d 2013-04-10 mitch@gimp.org mitch@gimp.org
53d083c844f0ad81f88d6e64493160c319e519ef 2013-04-09 mitch@gimp.org mitch@gimp.org
5880685472d78cb07c0339b221e6b83e92179310 2013-04-09 mitch@gimp.org mitch@gimp.org
46f74d9f463e4938f829d9986e2a6f175ebfa805 2013-04-09 mitch@gimp.org mitch@gimp.org
ddc4a057e4396484913e9da5aecb4529f5935b5e 2013-04-09 mitch@gimp.org mitch@gimp.org
75c9a0dc276f25db7b3c5a03fe13a353f787ec6e 2013-04-08 mitch@gimp.org mitch@gimp.org
3cb27561334ddc68093babc994e3dfc4d4ac5a61 2013-04-08 mitch@gimp.org mitch@gimp.org
5cd8b98efb9f5cb6f6ee1b008db7cd03ade9edc1 2013-04-08 mitch@gimp.org mitch@gimp.org
e839ae09559890c0d11bea4033303a0f3b850de1 2013-04-08 drawoc@darkrefraction.com drawoc@darkrefraction.com
38d8312fdebee98a20b33807b09d8a832a4b97b7 2013-04-08 teo.mazars@ensimag.fr teo.mazars@ensimag.fr
35cc644765c553b6feb24bd56133b6f9f74ed5e4 2013-04-08 teo.mazars@ensimag.fr teo.mazars@ensimag.fr
5f4449e956069c5e2de960a8c8597139d0e2f6cc 2013-04-08 gpopac@gmail.com gpopac@gmail.com
c4b4f087bdcbbb78c75e44ffb8ce0fd865135e79 2013-04-08 gpopac@gmail.com gpopac@gmail.com
564848adb64730afdf9dde8923161da80ca7287f 2013-04-08 gpopac@gmail.com gpopac@gmail.com
586bb7329314802256f77fc77609ac9930a1bbc2 2013-04-08 mitch@gimp.org mitch@gimp.org
6d4fd657ff26e562db346ed69495db9ee11499b1 2013-04-08 dmtrs32@gmail.com dmtrs32@gmail.com
d49e33da4ac4c1bb6a7d6f93340aa05363f2b477 2013-04-08 mitch@gimp.org mitch@gimp.org
dd1f731cc9ae518abd7b66df825e3c1a0da8de5a 2013-04-08 mitch@gimp.org mitch@gimp.org
d53deda61bf60535a8505b7f6e6e37d28f405925 2013-04-08 mitch@gimp.org mitch@gimp.org
c204b0ac413539ee763483970a64eb437a43de3f 2013-04-07 drawoc@darkrefraction.com drawoc@darkrefraction.com
c9533681649b8e1ce285e604ada4884b8d3bba83 2013-04-07 kevin@ve3syb.ca kevin@ve3syb.ca
1e85ae981aac98f0eeab176b0dcac6dbb65243b7 2013-04-07 kevin@ve3syb.ca kevin@ve3syb.ca
229ab7caf10d71d5b90b4165a66e9f0dbfd2bdeb 2013-04-07 drawoc@darkrefraction.com drawoc@darkrefraction.com
236f9f91f9a96dca43185483e1aadeae2f267cdc 2013-04-07 mitch@gimp.org mitch@gimp.org
0c060b3296be6854446c48e56c8b5d950f13ddbc 2013-04-04 mateju@svn.gnome.org miles@filmsi.net
fb38e0a5f9e2881edad43a23769f87913e18d3f2 2013-04-02 pggit-2e67@personal.formauri.es pggit-2e67@personal.formauri.es
faf221781126fa82cbeecc99569e02233ffbaef1 2013-04-02 pggit-2e67@personal.formauri.es pggit-2e67@personal.formauri.es
e12243e94e8727d576dac386444bf3218789b1b4 2013-04-02 pggit-2e67@personal.formauri.es pggit-2e67@personal.formauri.es
c83e7790bf13d207e9cb0bba8b9de1fb6b950b0f 2013-04-02 pggit-2e67@personal.formauri.es pggit-2e67@personal.formauri.es
d738c5bf990c0bacce63fb53d0b1e88506b1b569 2013-04-02 Christian.Kirbach@googlemail.com d@winzen4.de
460e76d1498941f39eea4f1aa3b1e95f87b82fa2 2013-04-02 Christian.Kirbach@googlemail.com d@winzen4.de
