06968d9bf993dde529b4bef679c9711c01ac323e 2013-03-30 mitch@gimp.org mitch@gimp.org
bc1aad3c239e4c7cd860c36b030f8457cdf2b639 2013-03-30 mitch@gimp.org teo.mazars@ensimag.fr
65d34b7b27ccc92e49629c9b3f40528087296900 2013-03-30 mitch@gimp.org teo.mazars@ensimag.fr
7392679be90eecb54cce6dfa151602a314a31e35 2013-03-30 drawoc@darkrefraction.com kubiznak.petr@gmail.com
194ef70d7446a627c274135c54498d3092c9b356 2013-03-30 drawoc@darkrefraction.com kubiznak.petr@gmail.com
8fdfd5690430cda6e8855d28b50b3e46dc36b32f 2013-03-28 drawoc@darkrefraction.com drawoc@darkrefraction.com
a744c1e1364aa342a3b1bf026aa7fcd3c009667e 2013-03-28 ztimur@gmail.com ztimur@gmail.com
234e269bc7cd7882ceddfa66b6caa05aac0d9c4a 2013-03-27 mitch@gimp.org mitch@gimp.org
fd34fee7f5e0a1b0c56d70fd049707fe67ed65f9 2013-03-27 mitch@gimp.org mitch@gimp.org
e3a524e435ba36693042e4054a03e8267b943025 2013-03-27 mitch@gimp.org mitch@gimp.org
c865d8f1416a6917f120f7aaaa99b9aed7b0f280 2013-03-27 mitch@gimp.org mitch@gimp.org
71c88aebdc210fce981504ba72615c0077464b30 2013-03-27 mitch@gimp.org mitch@gimp.org
333b05be02a39ca3b15ab1318c049fd29fc9d3ef 2013-03-27 mitch@gimp.org teo.mazars@ensimag.fr
24a2113170fbc3c81590d873be40d6544ab95377 2013-03-27 mitch@gimp.org teo.mazars@ensimag.fr
c1502c6ff7c250f2af589127e7dcecf8279068ef 2013-03-26 mitch@gimp.org mitch@gimp.org
8bc4f008e7469ba89440b663c5d2cca05a91028d 2013-03-26 mitch@gimp.org mitch@gimp.org
9594668e86a61c116a17bfcf59dd8968df97e72d 2013-03-26 mitch@gimp.org mitch@gimp.org
720d8fa77a8b71f513d1dc770cda9780b3bd231c 2013-03-26 mitch@gimp.org mitch@gimp.org
b4ab8184b9fdf41a5d6679f969325b8940216225 2013-03-25 daniel.mustieles@gmail.com daniel.mustieles@gmail.com
38dbae43237cf2d314eaf65866963281a030b0dc 2013-03-25 Christian.Kirbach@googlemail.com Christian.Kirbach@googlemail.com
829113a34870b31a0b66c57223d37571fb497657 2013-03-25 Christian.Kirbach@googlemail.com Christian.Kirbach@googlemail.com
a2e8da357e6f176d579ce1a6fb7cf2fc3f91cc4f 2013-03-24 mikachu@src.gnome.org mikachu@src.gnome.org
a6862af8346180dd32f79206cc446a09b8bbae08 2013-03-24 mitch@gimp.org mitch@gimp.org
c67d6b71b183f66081b20cd4aec5e121895f62ec 2013-03-24 piotrdrag@gmail.com piotrdrag@gmail.com
fc7bdc3dfcdf99cf3c356c0d28c7e40b53367eb8 2013-03-24 piotrdrag@gmail.com piotrdrag@gmail.com
1e9ef3ac4cde826a64a9bfe084b6b709b845ec67 2013-03-24 mitch@gimp.org mitch@gimp.org
7f31929bee7582c90868354b01560e129d3ff53f 2013-03-24 mitch@gimp.org mitch@gimp.org
78c0dedcdfc9024532e926ec9c25b46a3a8a920a 2013-03-24 Christian.Kirbach@googlemail.com d@winzen4.de
d12431a1f78419714d7c0238ed004b293fe21184 2013-03-24 Christian.Kirbach@googlemail.com d@winzen4.de
37feaa106ed219dc63325c856c262c36941c97fb 2013-03-24 Christian.Kirbach@googlemail.com d@winzen4.de
68e893c099aa9d44b6afb92591c57ef628a715f4 2013-03-24 Christian.Kirbach@googlemail.com Christian.Kirbach@googlemail.com
c9299082e704ee4815a4d88837e3e598e2d1a825 2013-03-23 mitch@gimp.org teo.mazars@ensimag.fr
afa57a507cbab65d11e67d7416fecf7bb46b3e34 2013-03-23 mitch@gimp.org teo.mazars@ensimag.fr
f5ba71e41a36c51e702312b49e4c303032645ba2 2013-03-23 mateju@svn.gnome.org miles@filmsi.net
9270addc8a923dff2319562fb9a2567de4ea5494 2013-03-23 mateju@svn.gnome.org miles@filmsi.net
cb439237e3bf80a449550cf422178be589b896e4 2013-03-23 mateju@svn.gnome.org miles@filmsi.net
2893b1199c5289a5e91439c7615c35e9a833131b 2013-03-23 mitch@gimp.org mitch@gimp.org
061764f8b23d4bd680bf6c8f0b4fe93ee723843c 2013-03-22 nils@redhat.com nils@redhat.com
1b53d7cc6188cdbc4660341fdba4976da524ac8c 2013-03-22 nils@redhat.com nils@redhat.com
82c3ef5f418a6f7537cdfa2f34d6fab5948fb875 2013-03-22 nils@redhat.com nils@redhat.com
968b3ffb4383750efd121fd93de850211916d5f1 2013-03-22 nils@redhat.com nils@redhat.com
6dc727767b71a54cf92bc2f96dcc046df3a093a5 2013-03-22 mitch@gimp.org mitch@gimp.org
19176e016670999b9ff3cf1d3a1a737b94425630 2013-03-22 mitch@gimp.org mitch@gimp.org
d6af07de8a8a9495359c99d694bb9c1eda0ee4b0 2013-03-22 mitch@gimp.org mitch@gimp.org
19d417a745fc2faadfbfb67bd8b47d75042fd7d0 2013-03-21 mitch@gimp.org mitch@gimp.org
8e9c103f8ad9591fe6ca59c55659807ee35a8f9a 2013-03-21 DanielSabo@gmail.com DanielSabo@gmail.com
15c5a9db32d49b22260ffde0202f39284b99d936 2013-03-21 mitch@gimp.org mitch@gimp.org
ed2849cd5245a4f4f259a261e5d58a1e4fa637ba 2013-03-21 mitch@gimp.org mitch@gimp.org
de56ec5e6e578285c7d5729e5b37d62c12ceb66a 2013-03-19 daniel.mustieles@gmail.com jsilvao@thefreesite.com
e525cf82fb25873df4e1ca5bbc0eb2340df09095 2013-03-19 nils@redhat.com mitch@gimp.org
7a5fc5b07eb3c4cc8bc50b6ed10090bcc4e26c5b 2013-03-19 nils@redhat.com muks@banu.com
f3f2fd0b185a751d91d5ffc84ea14a6719a29ac1 2013-03-19 dmtrs32@gmail.com dmtrs32@gmail.com
5974b1cba75aaa3a1acc7efd179c8ee53e9afcd4 2013-03-18 piotrdrag@gmail.com piotrdrag@gmail.com
0c7f5a1ebb6989b9259f38a6164a0adfae4dec4d 2013-03-18 piotrdrag@gmail.com piotrdrag@gmail.com
2c14dea9a9af7882a90c1ff5906a97ab284ce0b1 2013-03-18 mateju@svn.gnome.org miles@filmsi.net
15b88af4f11e556a1c30cd5bc447bb0c7c24d3c6 2013-03-18 nils@redhat.com nils@redhat.com
096c636b67abd7967da645699948c2bd3f8273fb 2013-03-18 nils@redhat.com nils@redhat.com
64438c1b4e0e70c2c3943a8cb7c03f26061ccffd 2013-03-18 mitch@gimp.org mitch@gimp.org
ab600d56920975ff2bcfbfe52508cf25af14103a 2013-03-17 aurisc4@gmail.com aurisc4@gmail.com
4ac92f61da3bc20eaadc0707fe6b4b97f228e2c6 2013-03-17 aurisc4@gmail.com aurisc4@gmail.com
9c4d86b7abb0f234dd2895b38a13babc139bcb69 2013-03-17 aurisc4@gmail.com aurisc4@gmail.com
b1743ae52bd8e02892ea4432c15c44728bff1ff0 2013-03-16 urbalazs@src.gnome.org urbalazs@src.gnome.org
c5af7811be9ef9bdcd084260d6b4d85c9d831013 2013-03-16 urbalazs@src.gnome.org urbalazs@src.gnome.org
75304dcc22e5851c72503b235c81086717cb8cda 2013-03-16 urbalazs@src.gnome.org urbalazs@src.gnome.org
39eadbe64daa34630957441be1f29c50cb304874 2013-03-15 mitch@gimp.org mitch@gimp.org
1bc8d4eb9d0ec9712f983652b17e036a4789b48f 2013-03-14 mitch@gimp.org mitch@gimp.org
b941986bbb655aa88574f5f28c3ca92a65d09de5 2013-03-14 mitch@gimp.org mitch@gimp.org
84b27e96b94d60d27ac16594565d50b8aedb1e9f 2013-03-13 mitch@gimp.org mitch@gimp.org
32e80d326360adefc90866d3391e642e18e05bf3 2013-03-13 mitch@gimp.org mitch@gimp.org
d837a6d7df5341d58f9de6055c7df15433bca06b 2013-03-13 mitch@gimp.org mitch@gimp.org
67f09ea922635d64f61bed497bfa0db9ca45dd4b 2013-03-13 mitch@gimp.org mitch@gimp.org
de8830ed4bd5bbf10eba981dc390079c0c68aa86 2013-03-13 mitch@gimp.org mitch@gimp.org
bc190a6baba1f1205a78c4bd76cdf5eebd7c8bcf 2013-03-13 mitch@gimp.org mitch@gimp.org
4f7cb8813297bdccdd0e38adad53bb8aaebf0468 2013-03-12 mitch@gimp.org mitch@gimp.org
d2b81e4d1c7911dbbf84ad9bcb2be0dc252e1e50 2013-03-12 palo.simo@gmail.com etkinator@gmail.com
af88c4a6c943eb5db04fa3eea00befb7442a1e58 2013-03-12 muks@banu.com muks@banu.com
f86655bb1fcf356524c1894096f4866633cc7666 2013-03-12 muks@banu.com muks@banu.com
2508fa6e82714e72da648cc376d605df6b9a832f 2013-03-11 dmtrs32@gmail.com dmtrs32@gmail.com
3058788666384c4692f1c3e748c75a93182fa502 2013-03-11 kelemeng@gnome.hu kelemeng@gnome.hu
386a91041b74a392590135f8d7325455800603f8 2013-03-11 kelemeng@gnome.hu kelemeng@gnome.hu
3a0daf540a877ab75299f600524474f31f72f4f7 2013-03-11 mitch@gimp.org mitch@gimp.org
2dc36a9deed5616abe930715d28395ee00dc5d5f 2013-03-11 mitch@gimp.org mitch@gimp.org
910d9ac176f5681b46d48c8a61574283230b54ad 2013-03-10 piotrdrag@gmail.com piotrdrag@gmail.com
792f85461bf0faee024f8be33705b2028a0c7bca 2013-03-10 mitch@gimp.org mitch@gimp.org
08848805793f381e088885b7f3cf34d5e4a00986 2013-03-10 mitch@gimp.org mitch@gimp.org
fc19348621a4003e5d8091f0966ce955708b8da1 2013-03-10 mitch@gimp.org mitch@gimp.org
49fdaac07f68ea7712f7ce49e5e54a252790ce4d 2013-03-10 mitch@gimp.org mitch@gimp.org
c0c813d9f17400173a96684c969bad129fb77487 2013-03-10 mitch@gimp.org mitch@gimp.org
e17971cc3892548dc3be89b78318925ce529e6bc 2013-03-10 mitch@gimp.org mitch@gimp.org
cdf2c7ba4be4cb6b65b83752b544849db3cace31 2013-03-09 mitch@gimp.org mitch@gimp.org
c76a23075dfb5626bddd8d3adcfd2c3b665202e6 2013-03-09 mitch@gimp.org mitch@gimp.org
872b1f3221751f72f0f606b9697e5a8d42107095 2013-03-09 mitch@gimp.org mitch@gimp.org
1454234d98e5f1071e385313aefffcd7acca685b 2013-03-09 mitch@gimp.org mitch@gimp.org
06a4d2e29feff640b38bd8aa07a615483e3aaaa0 2013-03-09 mitch@gimp.org mitch@gimp.org
54778783ed4f37e3e9b21bb45be262d89fc610c3 2013-03-09 mitch@gimp.org mitch@gimp.org
cf3010394b64d641d90a44f38c5f43dc1f0d9907 2013-03-09 mitch@gimp.org mitch@gimp.org
3105791933a103874c0d3a65aa48572356d4343d 2013-03-09 mitch@gimp.org mitch@gimp.org
69c897a1187f68e74614e6e5eca11464debcd2ba 2013-03-09 mitch@gimp.org mitch@gimp.org
edec6ac8cc8869a7f6dcf61e0c5f4fae8a26da9a 2013-03-09 mitch@gimp.org mitch@gimp.org
fd5db78dd4bf803dfa6e43d4af69784d27ed13a2 2013-03-09 mitch@gimp.org mitch@gimp.org
16d739b268a6815a7c63478e7c551cf437b05ae1 2013-03-08 mitch@gimp.org mitch@gimp.org
ae5f847a11abcb1ab91babf29f206ad1e559db57 2013-03-08 mitch@gimp.org mitch@gimp.org
594726698fd6fdc3dcdece2d22f8746a3a302d1b 2013-03-08 nils@redhat.com nils@redhat.com
17ca1ea1701dcc66f88d3e38c1ffd57d3be0d113 2013-03-08 nils@redhat.com golab.przemyslaw@gmail.com
448722c849bdc0f6d73be3432035bc6fac572987 2013-03-08 mitch@gimp.org mitch@gimp.org
2614404764d1697318892ddfe53af91578d6a247 2013-03-08 DanielSabo@gmail.com DanielSabo@gmail.com
e21e3bce5cdbda2b249fa4a1ae8f6fd58dc50109 2013-03-08 mitch@gimp.org mitch@gimp.org
ee34b81ad881023d27fde8e4022c131dd6243033 2013-03-08 mitch@gimp.org mitch@gimp.org
cc6d3bb1ebcf4c4ef19486c365aec769a011ad77 2013-03-07 mitch@gimp.org mitch@gimp.org
0ed3b482a422ff684c8921b7de9f44ea7b20345c 2013-03-06 nils@redhat.com kcozens@svn.gnome.org
561c250298de2342867ad4755a511512d3b1b50b 2013-03-06 mitch@gimp.org mitch@gimp.org
bc610c8fbd61e9574a2c378829b6ab91047d61b7 2013-03-06 nils@redhat.com nils@redhat.com
47d8b68cd3c63dbccf413b5b66d33600d50d291e 2013-03-06 roman@bromeco.de roman@bromeco.de
51d52dc9a1cd71cc1efcfc188f97957b641987c4 2013-03-06 roman@bromeco.de roman@bromeco.de
9798eef3a5b34cacde7b8496aba2f5c6551a0a08 2013-03-06 roman@bromeco.de roman@bromeco.de
96a49b90abadd26ef6085e1a20c4d8451dcc388b 2013-03-05 roman@bromeco.de roman@bromeco.de
8bc8afdbb4abdef66d1ed9213073e3203304274b 2013-03-05 roman@bromeco.de roman@bromeco.de
fc17f9cf4297d5d5b17cd2272c47423b9094d081 2013-03-05 roman@bromeco.de roman@bromeco.de
9760b41486ad01770229291c7ec9d8dee72de065 2013-03-05 roman@bromeco.de roman@bromeco.de
a66de41f60876b03ec9d352b2938928f0990d8de 2013-03-04 mitch@gimp.org mitch@gimp.org
6252cd8fa4e4f76e51a9d634fff3354a19a52ee7 2013-03-04 roman@bromeco.de roman@bromeco.de
5f71c0a2d96ea6e3ab885953d6511033bca93d72 2013-03-04 roman@bromeco.de roman@bromeco.de
b540496b69c83ae7158073d45efd2778cc5fccad 2013-03-04 roman@bromeco.de roman@bromeco.de
d085efe7567b8b9dd839c7f9f2292ba8db101f7e 2013-03-04 roman@bromeco.de roman@bromeco.de
6fe3e365d231db7063d5aef53f9bd1282279a8ab 2013-03-04 roman@bromeco.de roman@bromeco.de
8209f480c68560d3dea2833a6cc6915d8aa217f2 2013-03-04 roman@bromeco.de roman@bromeco.de
3993ff9aa80f07a03ab56de520ff6681d8c6c126 2013-03-04 roman@bromeco.de roman@bromeco.de
9e2ec9cf5596af14dce49883badf29c25e5be55a 2013-03-04 roman@bromeco.de roman@bromeco.de
c796242a7c9da11c4ebc96bfb985c3d16fad9d4a 2013-03-04 roman@bromeco.de roman@bromeco.de
d0ef6a5af6c8ed67e49d960f34426024f6133067 2013-03-02 mitch@gimp.org mitch@gimp.org
dfeb16d9eec3b1e66616b8130f9c6afbf5870176 2013-03-02 mitch@gimp.org mitch@gimp.org
40c2b8fc52c03772a36141143c8940aeeb766d63 2013-03-02 drawoc@darkrefraction.com drawoc@darkrefraction.com
8c145bd4de1c195b880ab407a3ddd9476ebad709 2013-03-01 aneesh.nl@gmail.com aneesh.nl@gmail.com
93d24640b725be5194dab69750908af983550aae 2013-03-01 aneesh.nl@gmail.com aneesh.nl@gmail.com
