78f8b981b1ad3f7cb192f4591308fd895ca6605d 2013-01-29 timo.jyrinki@canonical.com timo.jyrinki@canonical.com
6852d01288d6757058d3db3b54b5514713b67a01 2013-01-29 timo.jyrinki@canonical.com timo.jyrinki@canonical.com
60c382ff707de7b0caf5193e978632e36e6629f0 2013-01-28 alexandre.prokoudine@gmail.com alexandre.prokoudine@gmail.com
8dcbcfec9ebc23c2c407aa3e977ebe30351d4b3f 2013-01-27 mitch@gimp.org mitch@gimp.org
b7361669e87e6a9e2985ed9095cd1fde8f3b07a8 2013-01-27 mitch@gimp.org mitch@gimp.org
4c90c51009d9807310280ed9e1f87a5311aff35a 2013-01-27 mitch@gimp.org mitch@gimp.org
6b0d1038ccd7d5d00abb9539abe31870502a46ac 2013-01-27 mitch@gimp.org ville.skytta@iki.fi
94a404ed2428ec8a8c19b5c1c17afdfe396b5b7f 2013-01-27 mvalentini@src.gnome.org mvalentini@src.gnome.org
de5267f18577e0f7c950bbdb65d02c97f4fc26c4 2013-01-27 mvalentini@src.gnome.org mvalentini@src.gnome.org
549b3284d8ac6c30d74febe3b918f82b5f7aa235 2013-01-27 mitch@gimp.org ville.skytta@iki.fi
79be7de82e4959ab67d997fb1c774c4acd4559d5 2013-01-27 mitch@gimp.org ville.skytta@iki.fi
518e396ff494f3547bf97960018da35b7dc53a86 2013-01-26 jehan@girinstud.io jehan@girinstud.io
d2d8563e5e6502c63e121b62a2286e6c8fafe8f0 2013-01-25 blender3dartist@gmail.com blender3dartist@gmail.com
60f0feb65c107921a1434d197ef85101e9c73bd0 2013-01-25 mitch@gimp.org scl.gplus@gmail.com
d99881ab41e9d9c78a5a36e0dc959b02d51002dc 2013-01-25 mitch@gimp.org mitch@gimp.org
d824943b589e6dd89c4a55a588ef3595d105efde 2013-01-24 blender3dartist@gmail.com blender3dartist@gmail.com
057d5be9700075ac341f37e00dfde1a38cd8aacc 2013-01-24 jehan@girinstud.io jehan@girinstud.io
104321642476a0838a4ffbafca0be887272ea443 2013-01-22 mitch@gimp.org jernej|s-cccp@eternallybored.org
4b9af783360cc0bcc4141e6a46d3c188dc4b8d73 2013-01-21 jernej|s-cccp@eternallybored.org jernej|s-cccp@eternallybored.org
6ee8d39b8c1bffc15a3ff9013cf03520f3b32d91 2013-01-20 jehan@girinstud.io jehan@girinstud.io
9fa112f6b3546447137af14ec800ffd4ebe8a325 2013-01-20 jehan@girinstud.io jehan@girinstud.io
5d07d8052c75e3e94bf708fa4548422af80a0d97 2013-01-20 mitch@gimp.org mitch@gimp.org
9cff6a663cc07c9bb9fd32c363f86265f377789d 2013-01-20 mitch@gimp.org mitch@gimp.org
95d7edf72b690e34d199e38f20e0cf23277d2021 2013-01-19 mitch@gimp.org mitch@gimp.org
2eae4c42e850e7877056bd9f0d8563a25da7fb16 2013-01-19 mitch@gimp.org mitch@gimp.org
cfe5dd8bd4b9306e2fce6360a1301057d1bb6eb7 2013-01-19 mitch@gimp.org DirtY.iCE.hu@gmail.com
1122488403be2c8a1ccaa5cd2aeaab29b9e6138c 2013-01-19 mateju@svn.gnome.org miles@filmsi.net
293bf2734641fd8fa477335eed7608d1b7137d73 2013-01-19 mateju@svn.gnome.org miles@filmsi.net
a22e1846de97a7b79cf1856531ebd97999546191 2013-01-19 mateju@svn.gnome.org miles@filmsi.net
b87b8d3070be70ce0b0d8f320ccdf273cd6c33fd 2013-01-19 mateju@svn.gnome.org miles@filmsi.net
28835e5a5f22f1e64ace907e9201780753ce0d29 2013-01-19 mateju@svn.gnome.org miles@filmsi.net
dfabfb96642e38deef871cd8c8c109421b7e64cc 2013-01-19 mitch@gimp.org mitch@gimp.org
f8c86702e9363370329528f44491012390f988df 2013-01-19 mitch@gimp.org mvalentini@src.gnome.org
d93d2e71c31d7684a3385e450e4def66c9e3d13e 2013-01-19 mitch@gimp.org mvalentini@src.gnome.org
b31fcbc0f16bd55773e4dae37b5be386b607c4bb 2013-01-19 mitch@gimp.org ludovic.rousseau@gmail.com
5379a2377ec4b4df240d253823a9740e529a7671 2013-01-19 mitch@gimp.org ludovic.rousseau@gmail.com
2999e30901a4c1344d19900f82bcf1564ff10c85 2013-01-18 drawoc@darkrefraction.com drawoc@darkrefraction.com
2491a3a088b263bf62834c5f3d6912c853bcc9d0 2013-01-18 mitch@gimp.org mitch@gimp.org
0357f83658252952770a79ab17c7056fb5dd0416 2013-01-17 drawoc@darkrefraction.com drawoc@darkrefraction.com
6a39d214947da4aba7354d25655065f9d42456c2 2013-01-18 mitch@gimp.org mitch@gimp.org
c262fee2445734c015aafe527cb681eed6941ec4 2013-01-18 mitch@gimp.org mitch@gimp.org
0a37a0490f32e57542afd031617e086d52e7900a 2013-01-18 mitch@gimp.org mitch@gimp.org
3c006d0a4f70a413aead1c9dd0fae1045f7dc6c9 2013-01-17 mitch@gimp.org mitch@gimp.org
9f610ef3cf4c55c40885d3afffd97c0f560146d8 2013-01-17 mitch@gimp.org mitch@gimp.org
6dcd7c425e3283f6c4d0549981c6f11126198b84 2013-01-17 mitch@gimp.org mitch@gimp.org
7e273bc6d0d51300c2fafca355c729170689f2ca 2013-01-17 mitch@gimp.org mitch@gimp.org
a9b014c3dd150f156dafabf7eb0ed1ad27b926de 2013-01-16 drawoc@darkrefraction.com drawoc@darkrefraction.com
c87b59b95f3518d6c0e77b2695ee412ed65fc555 2013-01-16 muks@banu.com muks@banu.com
5d1c8726a3f2f5894724a785b9189f7c78367454 2013-01-16 muks@banu.com muks@banu.com
0e54de7f1eb0e2adaecf613fe0dd3eac0bcd802a 2013-01-15 enriconlto@src.gnome.org liverig@gmail.com
0f6044ef2bb442bff8c104bd28068051493f9faf 2013-01-15 drawoc@darkrefraction.com drawoc@darkrefraction.com
0e748fe55a7ccc47ef363819cc7c4a1e6a7f9281 2013-01-15 daniel.mustieles@gmail.com francisco.vila@hispalinux.es
c44c33f667a9605d80759e51be02dde61ae222b3 2013-01-15 mitch@gimp.org mitch@gimp.org
14bb38da3ff18aef87d14c2a704ba811d9a0c70c 2013-01-14 drawoc@darkrefraction.com drawoc@darkrefraction.com
f4bf93dac9e1e21cf7bb6c9122c35c1662cef359 2013-01-13 drawoc@darkrefraction.com drawoc@darkrefraction.com
2fc0c768f172137b13792e26c29357db65060b73 2013-01-14 mitch@gimp.org mitch@gimp.org
69fd08dbf8b52e6e5b812d01e11299d151427395 2013-01-14 mitch@gimp.org mitch@gimp.org
7fa0321afcb29d771dc330f91fe6fb6a9216c726 2013-01-14 mitch@gimp.org mitch@gimp.org
d41f7f13002d96cd663729d93591d0a366a9ac06 2013-01-13 mitch@gimp.org mitch@gimp.org
fda8c63a2bf9c1b96528e83fa7b8ca6258cf999c 2013-01-13 mitch@gimp.org mitch@gimp.org
7d6f6a2692d39295de51d60022b3fd0232bd6bc5 2013-01-12 drawoc@darkrefraction.com drawoc@darkrefraction.com
adc8b21b0f7610678add53c7395d72c3be63aecd 2013-01-11 drawoc@darkrefraction.com drawoc@darkrefraction.com
e87971e85063fd28ef89a0edf9475e98e32dba21 2013-01-11 drawoc@darkrefraction.com drawoc@darkrefraction.com
24f2a24b99e43587779f2d9e57304624f2cdd5e8 2013-01-12 mitch@gimp.org mitch@gimp.org
1f22d112566f18aa7e584c2b115b44676ff19192 2013-01-11 mitch@gimp.org mitch@gimp.org
4d36a1fdf8ff7026119578a127215fc5c3baf0b1 2013-01-10 drawoc@darkrefraction.com drawoc@darkrefraction.com
5bd861330f6e5d8d09a3b95cb4af8e45cfcca433 2013-01-10 drawoc@darkrefraction.com drawoc@darkrefraction.com
cfbf83161bff51de4c16cf404e33299d29525961 2013-01-10 mitch@gimp.org mitch@gimp.org
c758bdc9e56a33d7a1ddcc36780ddfe96f1540e6 2013-01-10 mitch@gimp.org mitch@gimp.org
db4c8239f392c5bef057e9512af16cd658a115a8 2013-01-09 drawoc@darkrefraction.com drawoc@darkrefraction.com
c59e569e50aede6ae375b0dd184ada3dc58ffd12 2013-01-09 drawoc@darkrefraction.com drawoc@darkrefraction.com
67753516b7462bfccb78d0a4bd3b01c1ed88fd57 2013-01-09 nils@redhat.com nils@redhat.com
fc625feb4083e75ebd8325d4aa62c2678aeee06c 2013-01-09 nils@redhat.com nils@redhat.com
67cb43963e55bc56c031194209ab693045fa2741 2013-01-09 mitch@gimp.org mitch@gimp.org
454639f9d9703a14a235973d81378afc53387862 2013-01-09 mitch@gimp.org mitch@gimp.org
121308ee7af880be895aced431642d2bbfa2de15 2013-01-08 drawoc@darkrefraction.com drawoc@darkrefraction.com
57740d107d7e9b07e8590f8358931d3106c26ffe 2013-01-08 drawoc@darkrefraction.com drawoc@darkrefraction.com
8432800bdfa6bfc13b468623a81645849f47f323 2013-01-07 mitch@gimp.org mitch@gimp.org
22a5c173ba4d27dacdfee357d06e98d3ae08d281 2013-01-07 mitch@gimp.org mitch@gimp.org
6b017f97d4c06738acbbd7bd2de108e2278c9062 2013-01-06 mitch@gimp.org drawoc@darkrefraction.com
495b41416b381678bdc94a85e4a89b0a4c970c92 2013-01-06 mitch@gimp.org drawoc@darkrefraction.com
632c577f18a7017e5a8f88745fd828ca068a42e7 2013-01-06 mitch@gimp.org mitch@gimp.org
4d4905cc0effd2c4a842b1dd22e248a435e451d5 2013-01-05 mitch@gimp.org mitch@gimp.org
a02facf41e7ef1fd9a961689615b78e41e7e25ab 2013-01-04 jehan@girinstud.io jehan@girinstud.io
84bb2703071beef0a4ef8d695c311c143f3b24e6 2013-01-01 nrobidoux@git.gnome.org nrobidoux@git.gnome.org
