026ce8f5b8c260ce2f474fbb821ae29a5d3841a0 2013-12-28 ciampix@libero.it ciampix@libero.it
262d312dfcf3ca6ddb1300d94a7f8cac8b0893d0 2013-12-26 mitch@gimp.org mitch@gimp.org
f79bff0719441c77487f66477d0324d49732fb4b 2013-12-26 mitch@gimp.org ellestone@ninedegreesbelow.com
fb01bb37d276baedc213f28406a322cbd60b105c 2013-12-26 mitch@gimp.org mitch@gimp.org
e4260434b6f60a9794024a57239698ab47ecf199 2013-12-24 drawoc@darkrefraction.com shlomif@shlomifish.org
1f434e9688f8e27dc613e596b821a1c562832f16 2013-12-22 etkinator@gmail.com pavol@klacansky.com
473cfdc03a873bfea75cfba5e01ee99a23fd6c33 2013-12-22 etkinator@gmail.com pavol@klacansky.com
117e9f73a8adde303921267f3d8859d95150f5f7 2013-12-21 teomazars@gmail.com teomazars@gmail.com
1a8848be87665cb8c9b63a5e2567cd7dbccced93 2013-12-21 teomazars@gmail.com teomazars@gmail.com
51a145474da716b4ef4ae50a53ea0f37207e16ab 2013-12-20 drawoc@darkrefraction.com drawoc@darkrefraction.com
db602b3b3328275359e5714df33ae449e6e93774 2013-12-20 mitch@gimp.org mitch@gimp.org
81c02e7db1fa96ec6b7f0e84d4bc8b9ce2dca293 2013-12-20 mitch@gimp.org mitch@gimp.org
1f3ab73d350af0f8b8de16de46f3f3e4c00f550c 2013-12-18 ciampix@libero.it ciampix@libero.it
7674ae76c7a0dc450d84b73f164da9633d4f2acf 2013-12-18 ciampix@libero.it ciampix@libero.it
7819a4ce6f741d1faecaa570ca19ed97b964b14f 2013-12-18 ciampix@libero.it ciampix@libero.it
96da39c28e74c57fc6aebddd24629a7c9d8a5aee 2013-12-18 mitch@gimp.org liangtai.s16@gmail.com
bebccb4a28ca9b6ec31a619f69f60d333edfbba2 2013-12-18 mitch@gimp.org liangtai.s16@gmail.com
f592894b9a28927d3e0df18e2d106e57f2ea2103 2013-12-16 rafael.f.f1@gmail.com rafael.f.f1@gmail.com
36d15343c22f3078cd14472ea2532c1d75dfd1f2 2013-12-16 rafael.f.f1@gmail.com rafael.f.f1@gmail.com
dca3559f1399656b20480c6164db5517993fada3 2013-12-14 DanielSabo@gmail.com DanielSabo@gmail.com
2707cff8909a70724b7cdb09831e2d463a3c1295 2013-12-14 jehan@girinstud.io jehan@girinstud.io
e9d3bf8f1937b7a2f6c7691a33030aa045fc4f7c 2013-12-13 DanielSabo@gmail.com DanielSabo@gmail.com
d253086bfa6ec8c991edf0d543eb18bcc474d120 2013-12-14 cwryu@debian.org darkcircle.0426@gmail.com
33b7c897de497f8536e0152ee1abc702fd2ff122 2013-12-13 piotrdrag@gmail.com piotrdrag@gmail.com
59ed3ba827a477ff899201cb770cda665d379464 2013-12-13 piotrdrag@gmail.com piotrdrag@gmail.com
d326158c618d855f4f7025805f56a13dcad26dfd 2013-12-13 daniel.mustieles@gmail.com daniel.mustieles@gmail.com
b45d6dff173e975b65658e939723887db3e7b2cb 2013-12-12 daniel.mustieles@gmail.com daniel.mustieles@gmail.com
841b6829570d7b57e052840b5548c7da76f50b4f 2013-12-12 daniel.mustieles@gmail.com daniel.mustieles@gmail.com
c1314499ffa6aa4cf7543e00b028d987209fa6fc 2013-12-12 jehan@girinstud.io jehan@girinstud.io
c01e568ab9789b4ae1e717f011b63b4d0662c39e 2013-12-12 rafael.f.f1@gmail.com gwidion@gmail.com
d5af6bfbc9fea65a81a08bc73561b0039713272b 2013-12-12 rafael.f.f1@gmail.com rodolforg@gmail.com
f50aecf8a35d98124b0741e1005e6444c28cfa31 2013-12-12 rafael.f.f1@gmail.com rafael.f.f1@gmail.com
373cee241417200308c5415c3212eca40f80bc46 2013-12-12 rafael.f.f1@gmail.com gwidion@gmail.com
c58491c4e8ff0bf488fc4a74b57f84952dafce8d 2013-12-11 rafael.f.f1@gmail.com rodolforg@gmail.com
35a5d5ac34691eca67b784c4852ecc94e6d9d784 2013-12-11 rafael.f.f1@gmail.com rafael.f.f1@gmail.com
b81b526c35dfd88ed192af396a6e9ace4f98710d 2013-12-11 ciampix@libero.it ciampix@libero.it
acb7e89c418fab91fc49dd955378fbb326e8ad92 2013-12-11 gwidion@gmail.com gwidion@gmail.com
16b0443840dbcca920b520c744c1ba8b9fff9328 2013-12-11 gwidion@gmail.com gwidion@gmail.com
735f00b886283f0a8fcee5ac9b414543f19a6ef4 2013-12-11 jehan@girinstud.io jehan@girinstud.io
00cd9b4e47dea4b4f51da60cb03fa2d575dcdb88 2013-12-11 mitch@gimp.org mitch@gimp.org
cf94bb30038aa13ecc225d5d269ea4ad396d1e09 2013-12-10 daniel.mustieles@gmail.com daniel.mustieles@gmail.com
8707701bee03db9a67350685adfe1ec85211aef7 2013-12-10 jehan@girinstud.io jehan@girinstud.io
8b42761414a8bae32ca281c178a04d9e55b1ecde 2013-12-09 drawoc@darkrefraction.com drawoc@darkrefraction.com
513ef7fd5d04238d1f2bda5ad5cfc6194b3100b7 2013-12-09 sclaussner@src.gnome.org simone@lisanet.de
a4821914d355afc2f45a7491cc7746cd39ac6846 2013-12-09 mitch@gimp.org ellestone@ninedegreesbelow.com
6a02f4a19edf2da258e7eb1fd057b7ecbafc0317 2013-12-08 mitch@gimp.org mitch@gimp.org
b31fc8b2641492ffa24a397d04cbbe43ea88740b 2013-12-06 dvoromar@gmail.com dvoromar@gmail.com
1af250503cb7beb7024d362b202d05e3eb00b8e8 2013-12-06 dvoromar@gmail.com dvoromar@gmail.com
47745997f367730bddc445796537fbecb4ac8877 2013-12-06 dvoromar@gmail.com dvoromar@gmail.com
ec312f0ffffb467ca725ca1d84d3ed0199fa3081 2013-12-06 dvoromar@gmail.com dvoromar@gmail.com
2bf8f52a042f9701b7ac44dc5b653b8885e481ba 2013-12-06 dvoromar@gmail.com dvoromar@gmail.com
29a9151ceeb780f746f492e985a7ec49be6c7580 2013-12-06 dvoromar@gmail.com dvoromar@gmail.com
8a6f73db3d8b78248ee250c19d72c2f02e160a29 2013-12-06 dvoromar@gmail.com dvoromar@gmail.com
f6687fa2885eb3fbf11d7ac376c5d8b9190d5f18 2013-12-06 dvoromar@gmail.com dvoromar@gmail.com
085b26ebbd831c88de49cb9f15957625dc5e6b43 2013-12-06 dvoromar@gmail.com dvoromar@gmail.com
10aa4c24f11c266c4d1b6947528862beaa0ac6d3 2013-12-06 dvoromar@gmail.com dvoromar@gmail.com
fd96a870a92393ea6bbf471b8aeab0dcd723d40c 2013-12-06 dvoromar@gmail.com dvoromar@gmail.com
2ba2dc43ffc70bd6bf7d549f76692870674f188b 2013-12-06 dvoromar@gmail.com dvoromar@gmail.com
94067ffe1bb573f1e09491f4b5543f5c205b4ca5 2013-12-06 dvoromar@gmail.com dvoromar@gmail.com
72f1d7b13f42cca55fc9696fc8ce470a06734de0 2013-12-06 dvoromar@gmail.com dvoromar@gmail.com
5e33e7e0af7dc01a6505a645708fe40b93794757 2013-12-06 dvoromar@gmail.com dvoromar@gmail.com
5e65f068bc0b48e69726a2da7ebac0ba81b5f028 2013-12-06 dvoromar@gmail.com dvoromar@gmail.com
6c3db720e39ac247c82a887e5fd386ec664e5f6e 2013-12-06 dvoromar@gmail.com dvoromar@gmail.com
7ef19d903e201865ff85fa17a50b9b3963d9990f 2013-12-06 dvoromar@gmail.com dvoromar@gmail.com
6c0ad05f0d74fb50f3d6d56fc4949323f829d8f0 2013-12-06 dvoromar@gmail.com dvoromar@gmail.com
36f2e8aa11bacd17039a2057e7b82d202eca2121 2013-12-06 dvoromar@gmail.com dvoromar@gmail.com
f528fe2033235fc45db565c23f517db707a86342 2013-12-06 dvoromar@gmail.com dvoromar@gmail.com
f355b02594631549078ac24b9d564bce98c0f047 2013-12-06 dvoromar@gmail.com dvoromar@gmail.com
da451b2873e9557ee0913b3d91ce1aab32b696cd 2013-12-06 dvoromar@gmail.com dvoromar@gmail.com
d4050d321650952f87af6b01612bef3fe58ce4a6 2013-12-06 dvoromar@gmail.com dvoromar@gmail.com
944e056de3576665e46ea5ba7c921a8bd9406dde 2013-12-06 dvoromar@gmail.com dvoromar@gmail.com
217660a72cd4d50b9b7a2cb53f3c8e8c071dcd6c 2013-12-06 jmatsuzawa@gnome.org rsimamoto@src.gnome.org
44fe30ef80ccf09f0f65ec95da83cf63ed7da5c8 2013-12-05 jehan@girinstud.io jehan@girinstud.io
79cab368d3a0bd5ed45987a972bc4f9c6bd3f3cd 2013-12-05 jehan@girinstud.io jehan@girinstud.io
6c4d8c45b7f8903bdf2c30085f09625e77d45931 2013-12-05 jehan@girinstud.io jehan@girinstud.io
cfe5c483f73890470b0e43f51c70b423edf1ce0d 2013-12-05 jehan@girinstud.io jehan@girinstud.io
7ef45be8902a4b7403d1d1736ca4f7c95b6449a8 2013-12-05 jehan@girinstud.io jehan@girinstud.io
2244d4b5e2297b670d952149960fe9ad4d68ff1f 2013-12-04 piotrdrag@gmail.com piotrdrag@gmail.com
d781f516b7186b1496c4e45a905f586446b7b943 2013-12-04 piotrdrag@gmail.com piotrdrag@gmail.com
1e8ed15c1338a1fecea73bcae95eb528cef3e790 2013-12-04 jehan@girinstud.io jehan@girinstud.io
0ffb3b6753aad00512349bba31bf5113054c6a0e 2013-12-04 nils@redhat.com nils@redhat.com
7f2322e4ced8ba393abc5a0aa15a607f340f0db8 2013-12-04 nils@redhat.com nils@redhat.com
23f685931e5f000dd033a45c60c1e60d7f78caf4 2013-12-04 nils@redhat.com nils@redhat.com
32ae0f83e5748299641cceaabe3f80f1b3afd03e 2013-12-04 nils@redhat.com nils@redhat.com
f3b78cb21842386810dfddb4565e1791433ac613 2013-12-03 drawoc@darkrefraction.com drawoc@darkrefraction.com
845139f9106c1cca35a1689d2c61a5ca62106780 2013-12-03 DanielSabo@gmail.com DanielSabo@gmail.com
f1677dea03fa3685887bdcb04f927158cbfeb15c 2013-12-02 kevin@ve3syb.ca kevin@ve3syb.ca
c3911bd0f5d98228a288f8d8e8b09bd3dc2e118e 2013-12-02 drawoc@darkrefraction.com drawoc@darkrefraction.com
a7e24a64b7f5af1fbedf479c6ef4ed6ac6dfdbdb 2013-12-02 kevin@ve3syb.ca kevin@ve3syb.ca
4e7bfb4e817ee6271497402d58d57ebf5bf2b533 2013-12-03 jehan@girinstud.io jehan@girinstud.io
7fab702e9b52802ab411fa56ad17bac50590ecaf 2013-12-01 mitch@gimp.org mitch@gimp.org
56cdf642fc005ff03da67107c7c64308b36fa3e5 2013-12-01 mitch@gimp.org mitch@gimp.org
5847d56f365ca5cf3b57601f01924ec609696ec1 2013-12-01 mitch@gimp.org mitch@gimp.org
0e1978d27346c6ba952945d48c50c0bb64ec1ca8 2013-12-01 mitch@gimp.org mitch@gimp.org
007faf2b32dae1cb91dc30540c59ea495400822c 2013-12-01 drawoc@darkrefraction.com drawoc@darkrefraction.com
9e429993c71097659d20b57e15974b8644c500e6 2013-12-01 teomazars@gmail.com teomazars@gmail.com
